sample_name	sample_title	bioproject_accession	organism	host	isolation_source	collection_date	geo_loc_name	lat_lon	ref_biomaterial	rel_to_oxygen	samp_collect_device	samp_mat_process	samp_size	source_material_id	description	nucleic_acid_type	replicate	sampling_depth_m
L313-s2-D	L313	PRJNA693020	Pond metagenome	NA	Pond	2015-06-16	Canada:Quebec	51.18194 N 63.92686 W	NA	NA	NA	NA	NA	NA	NA	DNA	2	0.3
L314-s2-D	L314	PRJNA693020	Pond metagenome	NA	Pond	2015-06-17	Canada:Quebec	51.17814 N 63.92364 W	NA	NA	NA	NA	NA	NA	NA	DNA	2	0.3
L315-s2-D	L315	PRJNA693020	Pond metagenome	NA	Pond	2015-06-17	Canada:Quebec	51.18145 N 63.89828 W	NA	NA	NA	NA	NA	NA	NA	DNA	2	0.3
L316-s2-D	L316	PRJNA693020	Pond metagenome	NA	Pond	2015-06-17	Canada:Quebec	51.18873 N 63.90278 W	NA	NA	NA	NA	NA	NA	NA	DNA	2	0.3
L317-s2-D	L317	PRJNA693020	Pond metagenome	NA	Pond	2015-06-17	Canada:Quebec	51.18144 N 63.92325 W	NA	NA	NA	NA	NA	NA	NA	DNA	2	0.3
L318-s2-D	L318	PRJNA693020	Lake metagenome	NA	Lake	2015-06-17	Canada:Quebec	50.22601 N 63.91127 W	NA	NA	NA	NA	NA	NA	NA	DNA	2	0.3
L319-s2-D	L319	PRJNA693020	Lake metagenome	NA	Lake	2015-06-17	Canada:Quebec	50.21503 N 63.89979 W	NA	NA	NA	NA	NA	NA	NA	DNA	2	0.3
L320-s2-D	L320	PRJNA693020	Lake metagenome	NA	Lake	2015-06-17	Canada:Quebec	50.21899 N 63.82191 W	NA	NA	NA	NA	NA	NA	NA	DNA	2	0.3
LR01-s2-D	LR01	PRJNA693020	River metagenome	NA	River	2015-06-07	Canada:Quebec	50.3808166666667 N 63.2654833333333 W	NA	NA	NA	NA	NA	NA	NA	DNA	2	0.3
LR03-s2-D	LR03	PRJNA693020	River metagenome	NA	River	2015-06-08	Canada:Quebec	50.6206 N 63.17048 W	NA	NA	NA	NA	NA	NA	NA	DNA	2	0.3
LR05-s2-D	LR05	PRJNA693020	River metagenome	NA	River	2015-06-09	Canada:Quebec	50.53663 N 63.22217 W	NA	NA	NA	NA	NA	NA	NA	DNA	2	0.3
LR06-s2-D	LR06	PRJNA693020	River metagenome	NA	River	2015-06-10	Canada:Quebec	50.31046 N 63.6461 W	NA	NA	NA	NA	NA	NA	NA	DNA	2	0.3
LR09-s2-D	LR09	PRJNA693020	River metagenome	NA	River	2015-06-11	Canada:Quebec	51.15221 N 63.39813 W	NA	NA	NA	NA	NA	NA	NA	DNA	2	0.3
LR10-s2-D	LR10	PRJNA693020	Lake metagenome	NA	Lake	2015-06-14	Canada:Quebec	52.27356 N 63.77532 W	NA	NA	NA	NA	NA	NA	NA	DNA	2	0.3
LR12-s2-D	LR12	PRJNA693020	Lake metagenome	NA	Lake	2015-06-14	Canada:Quebec	52.35785 N 64.00396 W	NA	NA	NA	NA	NA	NA	NA	DNA	2	0.3
LR13-s2-D	LR13	PRJNA693020	Lake metagenome	NA	Lake	2015-06-14	Canada:Quebec	52.05514 N 63.69982 W	NA	NA	NA	NA	NA	NA	NA	DNA	2	0.3
LR14-s2-D	LR14	PRJNA693020	Lake metagenome	NA	Lake	2015-06-14	Canada:Quebec	52.09031 N 63.83427 W	NA	NA	NA	NA	NA	NA	NA	DNA	2	0.3
LR15-s2-D	LR15	PRJNA693020	River metagenome	NA	River	2015-06-15	Canada:Quebec	52.0642 N 63.84167 W	NA	NA	NA	NA	NA	NA	NA	DNA	2	0.3
LR17-s2-D	LR17	PRJNA693020	River metagenome	NA	River	2015-06-15	Canada:Quebec	51.78004 N 63.7155 W	NA	NA	NA	NA	NA	NA	NA	DNA	2	0.3
LR18-s2-D	LR18	PRJNA693020	River metagenome	NA	River	2015-06-16	Canada:Quebec	50.31445 N 63.54765 W	NA	NA	NA	NA	NA	NA	NA	DNA	2	0.3
LR19-s2-D	LR19	PRJNA693020	River metagenome	NA	River	2015-06-16	Canada:Quebec	51.70176 N 63.72171 W	NA	NA	NA	NA	NA	NA	NA	DNA	2	0.3
LR20-s2-D	LR20	PRJNA693020	River metagenome	NA	River	2015-06-16	Canada:Quebec	51.38239 N 63.5853 W	NA	NA	NA	NA	NA	NA	NA	DNA	2	0.3
LRH04-s2-D	LRH04	PRJNA693020	River metagenome	NA	River	2015-06-12	Canada:Quebec	50.31684 N 63.30894 W	NA	NA	NA	NA	NA	NA	NA	DNA	2	0.3
LRH07-s2-D	LRH07	PRJNA693020	River metagenome	NA	River	2015-06-12	Canada:Quebec	50.30083 N 63.81233 W	NA	NA	NA	NA	NA	NA	NA	DNA	2	0.3
LRH08-s2-D	LRH08	PRJNA693020	River metagenome	NA	River	2015-06-12	Canada:Quebec	50.30064 N 63.81285 W	NA	NA	NA	NA	NA	NA	NA	DNA	2	0.3
LRH09-s2-D	LRH09	PRJNA693020	River metagenome	NA	River	2015-06-12	Canada:Quebec	50.29303 N 63.811132 W	NA	NA	NA	NA	NA	NA	NA	DNA	2	0.3
LRH10-s2-D	LRH10	PRJNA693020	River metagenome	NA	River	2015-06-12	Canada:Quebec	50.29588 N 63.804823 W	NA	NA	NA	NA	NA	NA	NA	DNA	2	0.3
M01-s2-D	M01	PRJNA693020	Estuary metagenome	NA	Estuary	2015-06-18	Canada:Quebec	50.28242 N 63.86163 W	NA	NA	NA	NA	NA	NA	NA	DNA	2	0.3
M02-s2-D	M02	PRJNA693020	Estuary metagenome	NA	Estuary	2015-06-18	Canada:Quebec	50.27224 N 63.85679 W	NA	NA	NA	NA	NA	NA	NA	DNA	2	0.3
M03-s2-D	M03	PRJNA693020	Estuary metagenome	NA	Estuary	2015-06-18	Canada:Quebec	50.2566 N 63.8327 W	NA	NA	NA	NA	NA	NA	NA	DNA	2	0.3
M04-s2-D	M04	PRJNA693020	Estuary metagenome	NA	Estuary	2015-06-18	Canada:Quebec	50.24688 N 63.78448 W	NA	NA	NA	NA	NA	NA	NA	DNA	2	0.3
M05-s2-D	M05	PRJNA693020	Estuary metagenome	NA	Estuary	2015-06-18	Canada:Quebec	50.24012 N 63.7585 W	NA	NA	NA	NA	NA	NA	NA	DNA	2	0.3
M06-s2-D	M06	PRJNA693020	Estuary metagenome	NA	Estuary	2015-06-18	Canada:Quebec	50.23954 N 63.72033 W	NA	NA	NA	NA	NA	NA	NA	DNA	2	0.3
M07-s2-D	M07	PRJNA693020	Estuary metagenome	NA	Estuary	2015-06-18	Canada:Quebec	50.21693 N 63.70586 W	NA	NA	NA	NA	NA	NA	NA	DNA	2	0.3
M08-s2-D	M08	PRJNA693020	Estuary metagenome	NA	Estuary	2015-06-18	Canada:Quebec	50.18846 N 63.69431 W	NA	NA	NA	NA	NA	NA	NA	DNA	2	0.3
PR01-s2-D	PR01	PRJNA693020	Stream metagenome	NA	Stream	2015-06-07	Canada:Quebec	51.368157 N 63.876955 W	NA	NA	NA	NA	NA	NA	NA	DNA	2	0.3
PR03-s2-D	PR03	PRJNA693020	Stream metagenome	NA	Stream	2015-06-08	Canada:Quebec	51.21028 N 63.92063 W	NA	NA	NA	NA	NA	NA	NA	DNA	2	0.3
PR05-s2-D	PR05	PRJNA693020	Stream metagenome	NA	Stream	2015-06-13	Canada:Quebec	51.20287 N 63.92476 W	NA	NA	NA	NA	NA	NA	NA	DNA	2	0.3
PR07-s2-D	PR07	PRJNA693020	Stream metagenome	NA	Stream	2015-06-13	Canada:Quebec	51.1863 N 63.9319 W	NA	NA	NA	NA	NA	NA	NA	DNA	2	0.3
PR09-s2-D	PR09	PRJNA693020	Stream metagenome	NA	Stream	2015-06-14	Canada:Quebec	51.30254 N 63.87091 W	NA	NA	NA	NA	NA	NA	NA	DNA	2	0.3
PR11-s2-D	PR11	PRJNA693020	Stream metagenome	NA	Stream	2015-06-15	Canada:Quebec	51.3055 N 63.86446 W	NA	NA	NA	NA	NA	NA	NA	DNA	2	0.3
RO201-s2-D	RO201	PRJNA693020	Reservoir metagenome	NA	Reservoir	2015-06-10	Canada:Quebec	50.65452 N 63.26094 W	NA	NA	NA	NA	NA	NA	NA	DNA	2	0.3
RO203-s2-D	RO203	PRJNA693020	Reservoir metagenome	NA	Reservoir	2015-06-11	Canada:Quebec	50.85649 N 63.14495 W	NA	NA	NA	NA	NA	NA	NA	DNA	2	0.3
RO205-s2-D	RO205	PRJNA693020	Reservoir metagenome	NA	Reservoir	2015-06-13	Canada:Quebec	50.88609 N 63.22355 W	NA	NA	NA	NA	NA	NA	NA	DNA	2	0.3
RO206-s2-D	RO206	PRJNA693020	Reservoir metagenome	NA	Reservoir	2015-06-13	Canada:Quebec	51.05861 N 63.19688 W	NA	NA	NA	NA	NA	NA	NA	DNA	2	0.3
RO207-s2-D	RO207	PRJNA693020	Reservoir metagenome	NA	Reservoir	2015-06-13	Canada:Quebec	51.03348 N 63.29688 W	NA	NA	NA	NA	NA	NA	NA	DNA	2	0.3
RO208-s2-D	RO208	PRJNA693020	Reservoir metagenome	NA	Reservoir	2015-06-13	Canada:Quebec	51.0619 N 63.35868 W	NA	NA	NA	NA	NA	NA	NA	DNA	2	0.3
RO209-s2-D	RO209	PRJNA693020	Reservoir metagenome	NA	Reservoir	2015-06-13	Canada:Quebec	50.93158 N 63.35123 W	NA	NA	NA	NA	NA	NA	NA	DNA	2	0.3
RO213-s2-D	RO213	PRJNA693020	Reservoir metagenome	NA	Reservoir	2015-06-17	Canada:Quebec	50.965944 N 63.296111 W	NA	NA	NA	NA	NA	NA	NA	DNA	2	0.3
SLR01-s2-D	SLR01	PRJNA693020	Soil metagenome	NA	Soil	2015-06-09	Canada:Quebec	50.55314 N 63.21136 W	NA	NA	NA	NA	NA	NA	NA	DNA	2	NA
SLR02-s2-D	SLR02	PRJNA693020	Soil metagenome	NA	Soil	2015-06-09	Canada:Quebec	50.43434 N 63.25355 W	NA	NA	NA	NA	NA	NA	NA	DNA	2	NA
SLR04-s2-D	SLR04	PRJNA693020	Soil metagenome	NA	Soil	2015-06-15	Canada:Quebec	50.3795 N 63.26425 W	NA	NA	NA	NA	NA	NA	NA	DNA	2	NA
SPR01-s2-D	SPR01	PRJNA693020	Soil metagenome	NA	Soil	2015-06-07	Canada:Quebec	51.368157 N 63.876955 W	NA	NA	NA	NA	NA	NA	NA	DNA	2	NA
SPR02-s2-D	SPR02	PRJNA693020	Soil metagenome	NA	Soil	2015-06-08	Canada:Quebec	51.21028 N 63.92063 W	NA	NA	NA	NA	NA	NA	NA	DNA	2	NA
SPR03-s2-D	SPR03	PRJNA693020	Soil metagenome	NA	Soil	2015-06-13	Canada:Quebec	51.20287 N 63.92476 W	NA	NA	NA	NA	NA	NA	NA	DNA	2	NA
SPR05-s2-D	SPR05	PRJNA693020	Soil metagenome	NA	Soil	2015-06-14	Canada:Quebec	51.303572 N 63.869197 W	NA	NA	NA	NA	NA	NA	NA	DNA	2	NA
SPR06-s2-D	SPR06	PRJNA693020	Soil metagenome	NA	Soil	2015-06-16	Canada:Quebec	51.30408 N 63.85239 W	NA	NA	NA	NA	NA	NA	NA	DNA	2	NA
SPR07-s2-D	SPR07	PRJNA693020	Soil metagenome	NA	Soil	2015-06-17	Canada:Quebec	51.17814 N 63.92364 W	NA	NA	NA	NA	NA	NA	NA	DNA	2	NA
SPR08-s2-D	SPR08	PRJNA693020	Soil metagenome	NA	Soil	2015-06-17	Canada:Quebec	51.18873 N 63.90278 W	NA	NA	NA	NA	NA	NA	NA	DNA	2	NA
SPR09-s2-D	SPR09	PRJNA693020	Soil metagenome	NA	Soil	2015-06-17	Canada:Quebec	51.18144 N 63.92325 W	NA	NA	NA	NA	NA	NA	NA	DNA	2	NA
SPR10-s2-D	SPR10	PRJNA693020	Soil metagenome	NA	Soil	2015-06-17	Canada:Quebec	50.22601 N 63.91127 W	NA	NA	NA	NA	NA	NA	NA	DNA	2	NA
SPR04-s2-D	SPR04	PRJNA693020	Soil metagenome	NA	Soil	2015-06-13	Canada:Quebec	51.1863 N 63.9319 W	NA	NA	NA	NA	NA	NA	NA	DNA	2	NA
SWLR01-s2-D	SWLR01	PRJNA693020	Soilwater metagenome	NA	Soilwater	2015-06-09	Canada:Quebec	50.55314 N 63.21136 W	NA	NA	NA	NA	NA	NA	NA	DNA	2	NA
SWLR02-s2-D	SWLR02	PRJNA693020	Soilwater metagenome	NA	Soilwater	2015-06-09	Canada:Quebec	50.43434 N 63.25355 W	NA	NA	NA	NA	NA	NA	NA	DNA	2	NA
SWLR03-s2-D	SWLR03	PRJNA693020	Soilwater metagenome	NA	Soilwater	2015-06-09	Canada:Quebec	50.43434 N 63.25355 W	NA	NA	NA	NA	NA	NA	NA	DNA	3	NA
SWLR04-s2-D	SWLR04	PRJNA693020	Soilwater metagenome	NA	Soilwater	2015-06-15	Canada:Quebec	50.3795 N 63.26425 W	NA	NA	NA	NA	NA	NA	NA	DNA	2	NA
SWPR01-s2-D	SWPR01	PRJNA693020	Soilwater metagenome	NA	Soilwater	2015-06-07	Canada:Quebec	51.368157 N 63.876955 W	NA	NA	NA	NA	NA	NA	NA	DNA	2	NA
SWPR02-s2-D	SWPR02	PRJNA693020	Soilwater metagenome	NA	Soilwater	2015-06-08	Canada:Quebec	51.21028 N 63.92063 W	NA	NA	NA	NA	NA	NA	NA	DNA	2	NA
SWPR03-s2-D	SWPR03	PRJNA693020	Soilwater metagenome	NA	Soilwater	2015-06-13	Canada:Quebec	51.20287 N 63.92476 W	NA	NA	NA	NA	NA	NA	NA	DNA	2	NA
SWPR04-s2-D	SWPR04	PRJNA693020	Soilwater metagenome	NA	Soilwater	2015-06-13	Canada:Quebec	51.1863 N 63.9319 W	NA	NA	NA	NA	NA	NA	NA	DNA	2	NA
SWPR05-s2-D	SWPR05	PRJNA693020	Soilwater metagenome	NA	Soilwater	2015-06-14	Canada:Quebec	51.303572 N 63.869197 W	NA	NA	NA	NA	NA	NA	NA	DNA	2	NA
SWPR06-s2-D	SWPR06	PRJNA693020	Soilwater metagenome	NA	Soilwater	2015-06-16	Canada:Quebec	51.30408 N 63.85239 W	NA	NA	NA	NA	NA	NA	NA	DNA	2	NA
SWPR07-s2-D	SWPR07	PRJNA693020	Soilwater metagenome	NA	Soilwater	2015-06-17	Canada:Quebec	51.17814 N 63.92364 W	NA	NA	NA	NA	NA	NA	NA	DNA	2	NA
SWPR08-s2-D	SWPR08	PRJNA693020	Soilwater metagenome	NA	Soilwater	2015-06-17	Canada:Quebec	51.18873 N 63.90278 W	NA	NA	NA	NA	NA	NA	NA	DNA	2	NA
SWPR09-s2-D	SWPR09	PRJNA693020	Soilwater metagenome	NA	Soilwater	2015-06-17	Canada:Quebec	51.18144 N 63.92325 W	NA	NA	NA	NA	NA	NA	NA	DNA	2	NA
SWPR10-s2-D	SWPR10	PRJNA693020	Soilwater metagenome	NA	Soilwater	2015-06-17	Canada:Quebec	50.22601 N 63.91127 W	NA	NA	NA	NA	NA	NA	NA	DNA	2	NA
WELL1-s2-D	WELL1	PRJNA693020	Groundwater metagenome	NA	Groundwater	2015-06-18	Canada:Quebec	50.58879 N 63.18764 W	NA	NA	NA	NA	NA	NA	NA	DNA	2	NA
WELL2-s2-D	WELL2	PRJNA693020	Groundwater metagenome	NA	Groundwater	2015-06-18	Canada:Quebec	50.62034 N 63.1893 W	NA	NA	NA	NA	NA	NA	NA	DNA	2	NA
WELL3-s2-D	WELL3	PRJNA693020	Groundwater metagenome	NA	Groundwater	2015-06-18	Canada:Quebec	50.37795 N 63.26105 W	NA	NA	NA	NA	NA	NA	NA	DNA	2	NA
WELL4-s2-D	WELL4	PRJNA693020	Groundwater metagenome	NA	Groundwater	2015-06-18	Canada:Quebec	50.38432 N 63.25247 W	NA	NA	NA	NA	NA	NA	NA	DNA	2	NA
L321D	L321	PRJNA693020	Lake metagenome	NA	Lake	2015-08-04	Canada:Quebec	50.21899 N 63.82191 W	NA	NA	NA	NA	NA	NA	NA	DNA	1	0.3
L322D	L322	PRJNA693020	Lake metagenome	NA	Lake	2015-08-04	Canada:Quebec	50.21503 N 63.89979 W	NA	NA	NA	NA	NA	NA	NA	DNA	1	0.3
L323D	L323	PRJNA693020	Pond metagenome	NA	Pond	2015-08-07	Canada:Quebec	51.18145 N 63.92259 W	NA	NA	NA	NA	NA	NA	NA	DNA	1	0.3
L324D	L324	PRJNA693020	Pond metagenome	NA	Pond	2015-08-07	Canada:Quebec	51.18139 N 63.89829 W	NA	NA	NA	NA	NA	NA	NA	DNA	1	0.3
L325D	L325	PRJNA693020	Pond metagenome	NA	Pond	2015-08-07	Canada:Quebec	51.17887 N 63.92581 W	NA	NA	NA	NA	NA	NA	NA	DNA	1	0.3
L326D	L326	PRJNA693020	Pond metagenome	NA	Pond	2015-08-07	Canada:Quebec	51.18167 N 63.92587 W	NA	NA	NA	NA	NA	NA	NA	DNA	1	0.3
L327D	L327	PRJNA693020	Pond metagenome	NA	Pond	2015-08-07	Canada:Quebec	51.18924 N 63.90315 W	NA	NA	NA	NA	NA	NA	NA	DNA	1	0.3
LR24-s2-D	LR24	PRJNA693020	River metagenome	NA	River	2015-08-01	Canada:Quebec	50.37971 N 63.26574 W	NA	NA	NA	NA	NA	NA	NA	DNA	2	0.3
LR27-s2-D	LR27	PRJNA693020	River metagenome	NA	River	2015-08-02	Canada:Quebec	50.30883 N 63.62249 W	NA	NA	NA	NA	NA	NA	NA	DNA	2	0.3
LR29-s2-D	LR29	PRJNA693020	River metagenome	NA	River	2015-08-03	Canada:Quebec	50.62703 N 63.18789 W	NA	NA	NA	NA	NA	NA	NA	DNA	2	0.3
LR31D	LR31	PRJNA693020	River metagenome	NA	River	2015-08-03	Canada:Quebec	50.46586 N 63.23566 W	NA	NA	NA	NA	NA	NA	NA	DNA	1	0.3
LR32D	LR32	PRJNA693020	River metagenome	NA	River	2015-08-05	Canada:Quebec	51.27679 N 63.35451 W	NA	NA	NA	NA	NA	NA	NA	DNA	1	0.3
LR34D	LR34	PRJNA693020	River metagenome	NA	River	2015-08-08	Canada:Quebec	51.68949 N 63.72206 W	NA	NA	NA	NA	NA	NA	NA	DNA	1	0.3
LR35D	LR35	PRJNA693020	Lake metagenome	NA	Lake	2015-08-09	Canada:Quebec	52.35411 N 63.99541 W	NA	NA	NA	NA	NA	NA	NA	DNA	1	0.3
LR36D	LR36	PRJNA693020	Lake metagenome	NA	Lake	2015-08-09	Canada:Quebec	52.23624 N 63.77818 W	NA	NA	NA	NA	NA	NA	NA	DNA	1	0.3
LR37D	LR37	PRJNA693020	Lake metagenome	NA	Lake	2015-08-09	Canada:Quebec	52.12115 N 63.71056 W	NA	NA	NA	NA	NA	NA	NA	DNA	1	0.3
LR38D	LR38	PRJNA693020	Lake metagenome	NA	Lake	2015-08-09	Canada:Quebec	52.05493 N 63.7011 W	NA	NA	NA	NA	NA	NA	NA	DNA	1	0.3
LR39D	LR39	PRJNA693020	Lake metagenome	NA	Lake	2015-08-09	Canada:Quebec	52.08602 N 63.83853 W	NA	NA	NA	NA	NA	NA	NA	DNA	1	0.3
LR40D	LR40	PRJNA693020	River metagenome	NA	River	2015-08-09	Canada:Quebec	50.29681 N 63.80553 W	NA	NA	NA	NA	NA	NA	NA	DNA	1	0.3
LR41D	LR41	PRJNA693020	River metagenome	NA	River	2015-08-09	Canada:Quebec	50.29335 N 63.81304 W	NA	NA	NA	NA	NA	NA	NA	DNA	1	0.3
LR42D	LR42	PRJNA693020	River metagenome	NA	River	2015-08-10	Canada:Quebec	52.06438 N 63.84188 W	NA	NA	NA	NA	NA	NA	NA	DNA	1	0.3
LR45D	LR45	PRJNA693020	River metagenome	NA	River	2015-08-11	Canada:Quebec	51.38594 N 63.59067 W	NA	NA	NA	NA	NA	NA	NA	DNA	1	0.3
LR47D	LR47	PRJNA693020	River metagenome	NA	River	2015-08-11	Canada:Quebec	51.26144 N 63.34465 W	NA	NA	NA	NA	NA	NA	NA	DNA	1	0.3
LR48D	LR48	PRJNA693020	River metagenome	NA	River	2015-08-11	Canada:Quebec	50.31302 N 63.54258 W	NA	NA	NA	NA	NA	NA	NA	DNA	1	0.3
LRH11-s2-D	LRH11	PRJNA693020	River metagenome	NA	River	2015-08-01	Canada:Quebec	50.31672 N 63.3089 W	NA	NA	NA	NA	NA	NA	NA	DNA	2	0.3
LRH14-s2-D	LRH14	PRJNA693020	River metagenome	NA	River	2015-08-01	Canada:Quebec	50.30009 N 63.8122 W	NA	NA	NA	NA	NA	NA	NA	DNA	2	0.3
LRH15-s2-D	LRH15	PRJNA693020	River metagenome	NA	River	2015-08-01	Canada:Quebec	50.30076 N 63.81276 W	NA	NA	NA	NA	NA	NA	NA	DNA	2	0.3
M09D	M09	PRJNA693020	Estuary metagenome	NA	Estuary	2015-08-14	Canada:Quebec	50.2591 N 63.83741 W	NA	NA	NA	NA	NA	NA	NA	DNA	1	0.3
M10D	M10	PRJNA693020	Estuary metagenome	NA	Estuary	2015-08-14	Canada:Quebec	50.25995 N 63.83869 W	NA	NA	NA	NA	NA	NA	NA	DNA	1	0.3
M11D	M11	PRJNA693020	Estuary metagenome	NA	Estuary	2015-08-14	Canada:Quebec	50.26222 N 63.84091 W	NA	NA	NA	NA	NA	NA	NA	DNA	1	0.3
M12D	M12	PRJNA693020	Estuary metagenome	NA	Estuary	2015-08-14	Canada:Quebec	50.27225 N 63.85675 W	NA	NA	NA	NA	NA	NA	NA	DNA	1	0.3
M13D	M13	PRJNA693020	Estuary metagenome	NA	Estuary	2015-08-14	Canada:Quebec	50.23985 N 63.76012 W	NA	NA	NA	NA	NA	NA	NA	DNA	1	0.3
M14D	M14	PRJNA693020	Estuary metagenome	NA	Estuary	2015-08-14	Canada:Quebec	50.24043 N 63.72075 W	NA	NA	NA	NA	NA	NA	NA	DNA	1	0.3
M15D	M15	PRJNA693020	Estuary metagenome	NA	Estuary	2015-08-14	Canada:Quebec	50.2174 N 63.70496 W	NA	NA	NA	NA	NA	NA	NA	DNA	1	0.3
M16D	M16	PRJNA693020	Estuary metagenome	NA	Estuary	2015-08-14	Canada:Quebec	50.28235 N 63.86902 W	NA	NA	NA	NA	NA	NA	NA	DNA	1	0.3
PR13D	PR13	PRJNA693020	Stream metagenome	NA	Stream	2015-08-02	Canada:Quebec	51.368157 N 63.876955 W	NA	NA	NA	NA	NA	NA	NA	DNA	1	0.3
PR15D	PR15	PRJNA693020	Stream metagenome	NA	Stream	2015-08-03	Canada:Quebec	51.30254 N 63.87091 W	NA	NA	NA	NA	NA	NA	NA	DNA	1	0.3
PR17D	PR17	PRJNA693020	Stream metagenome	NA	Stream	2015-08-03	Canada:Quebec	51.3055 N 63.86446 W	NA	NA	NA	NA	NA	NA	NA	DNA	1	0.3
PR19D	PR19	PRJNA693020	Stream metagenome	NA	Stream	2015-08-05	Canada:Quebec	51.20287 N 63.92476 W	NA	NA	NA	NA	NA	NA	NA	DNA	1	0.3
PR21D	PR21	PRJNA693020	Stream metagenome	NA	Stream	2015-08-06	Canada:Quebec	51.21028 N 63.92063 W	NA	NA	NA	NA	NA	NA	NA	DNA	1	0.3
PR23D	PR23	PRJNA693020	Stream metagenome	NA	Stream	2015-08-07	Canada:Quebec	51.1863 N 63.9319 W	NA	NA	NA	NA	NA	NA	NA	DNA	1	0.3
RO216D	RO216	PRJNA693020	Reservoir metagenome	NA	Reservoir	2015-08-04	Canada:Quebec	50.65478 N 63.25952 W	NA	NA	NA	NA	NA	NA	NA	DNA	1	0.3
RO219D	RO219	PRJNA693020	Reservoir metagenome	NA	Reservoir	2015-08-04	Canada:Quebec	50.76554 N 63.20193 W	NA	NA	NA	NA	NA	NA	NA	DNA	1	0.3
RO220D	RO220	PRJNA693020	Reservoir metagenome	NA	Reservoir	2015-08-06	Canada:Quebec	51.08314 N 63.38306 W	NA	NA	NA	NA	NA	NA	NA	DNA	1	0.3
RO221D	RO221	PRJNA693020	Reservoir metagenome	NA	Reservoir	2015-08-06	Canada:Quebec	51.02922 N 63.29194 W	NA	NA	NA	NA	NA	NA	NA	DNA	1	0.3
RO222D	RO222	PRJNA693020	Reservoir metagenome	NA	Reservoir	2015-08-06	Canada:Quebec	50.96213 N 63.2999 W	NA	NA	NA	NA	NA	NA	NA	DNA	1	0.3
RO223D	RO223	PRJNA693020	Reservoir metagenome	NA	Reservoir	2015-08-06	Canada:Quebec	50.93333 N 63.34996 W	NA	NA	NA	NA	NA	NA	NA	DNA	1	0.3
RO226D	RO226	PRJNA693020	Reservoir metagenome	NA	Reservoir	2015-08-07	Canada:Quebec	51.05861 N 63.19764 W	NA	NA	NA	NA	NA	NA	NA	DNA	1	0.3
RO228D	RO228	PRJNA693020	Reservoir metagenome	NA	Reservoir	2015-08-07	Canada:Quebec	50.86131 N 63.15281 W	NA	NA	NA	NA	NA	NA	NA	DNA	1	0.3
RO229D	RO229	PRJNA693020	Reservoir metagenome	NA	Reservoir	2015-08-07	Canada:Quebec	50.83579 N 63.19522 W	NA	NA	NA	NA	NA	NA	NA	DNA	1	0.3
SL322D	SL322	PRJNA693020	Soil metagenome	NA	Soil	2015-08-04	Canada:Quebec	50.21165 N 63.91142 W	NA	NA	NA	NA	NA	NA	NA	DNA	1	NA
SL323D	SL323	PRJNA693020	Soil metagenome	NA	Soil	2015-08-07	Canada:Quebec	51.18924 N 63.90315 W	NA	NA	NA	NA	NA	NA	NA	DNA	1	NA
SL325D	SL325	PRJNA693020	Soil metagenome	NA	Soil	2015-08-07	Canada:Quebec	51.17887 N 63.92581 W	NA	NA	NA	NA	NA	NA	NA	DNA	1	NA
SL326D	SL326	PRJNA693020	Soil metagenome	NA	Soil	2015-08-07	Canada:Quebec	51.18167 N 63.92587 W	NA	NA	NA	NA	NA	NA	NA	DNA	1	NA
SL327D	SL327	PRJNA693020	Soil metagenome	NA	Soil	2015-08-07	Canada:Quebec	51.18145 N 63.92259 W	NA	NA	NA	NA	NA	NA	NA	DNA	1	NA
SPR13D	SPR13	PRJNA693020	Soil metagenome	NA	Soil	2015-08-02	Canada:Quebec	51.36792 N 63.87695 W	NA	NA	NA	NA	NA	NA	NA	DNA	1	NA
SPR16D	SPR16	PRJNA693020	Soil metagenome	NA	Soil	2015-08-03	Canada:Quebec	51.30365 N 63.86974 W	NA	NA	NA	NA	NA	NA	NA	DNA	1	NA
SPR18D	SPR18	PRJNA693020	Soil metagenome	NA	Soil	2015-08-04	Canada:Quebec	51.30387 N 63.85239 W	NA	NA	NA	NA	NA	NA	NA	DNA	1	NA
SPR20D	SPR20	PRJNA693020	Soil metagenome	NA	Soil	2015-08-05	Canada:Quebec	51.20218 N 63.92313 W	NA	NA	NA	NA	NA	NA	NA	DNA	1	NA
SPR21D	SPR21	PRJNA693020	Soil metagenome	NA	Soil	2015-08-06	Canada:Quebec	51.21072 N 63.92059 W	NA	NA	NA	NA	NA	NA	NA	DNA	1	NA
SPR23D	SPR23	PRJNA693020	Soil metagenome	NA	Soil	2015-08-07	Canada:Quebec	51.1863 N 63.9319 W	NA	NA	NA	NA	NA	NA	NA	DNA	1	NA
ST21D	ST21	PRJNA693020	Stream metagenome	NA	Stream	2015-08-08	Canada:Quebec	51.45175 N 63.80902 W	NA	NA	NA	NA	NA	NA	NA	DNA	1	0.3
ST27D	ST27	PRJNA693020	Stream metagenome	NA	Stream	2015-08-09	Canada:Quebec	50.91058 N 63.24684 W	NA	NA	NA	NA	NA	NA	NA	DNA	1	0.3
SWL322D	SWL322	PRJNA693020	Soilwater metagenome	NA	Soilwater	2015-08-04	Canada:Quebec	50.21165 N 63.91142 W	NA	NA	NA	NA	NA	NA	NA	DNA	1	NA
SWL323D	SWL323	PRJNA693020	Soilwater metagenome	NA	Soilwater	2015-08-07	Canada:Quebec	51.18924 N 63.90315 W	NA	NA	NA	NA	NA	NA	NA	DNA	1	NA
SWL325D	SWL325	PRJNA693020	Soilwater metagenome	NA	Soilwater	2015-08-07	Canada:Quebec	51.17887 N 63.92581 W	NA	NA	NA	NA	NA	NA	NA	DNA	1	NA
SWL326D	SWL326	PRJNA693020	Soilwater metagenome	NA	Soilwater	2015-08-07	Canada:Quebec	51.18167 N 63.92587 W	NA	NA	NA	NA	NA	NA	NA	DNA	1	NA
SWL327D	SWL327	PRJNA693020	Soilwater metagenome	NA	Soilwater	2015-08-07	Canada:Quebec	51.18145 N 63.92259 W	NA	NA	NA	NA	NA	NA	NA	DNA	1	NA
SWPR13D	SWPR13	PRJNA693020	Soilwater metagenome	NA	Soilwater	2015-08-02	Canada:Quebec	51.36792 N 63.87695 W	NA	NA	NA	NA	NA	NA	NA	DNA	1	NA
SWPR16D	SWPR16	PRJNA693020	Soilwater metagenome	NA	Soilwater	2015-08-03	Canada:Quebec	51.30365 N 63.86974 W	NA	NA	NA	NA	NA	NA	NA	DNA	1	NA
SWPR18D	SWPR18	PRJNA693020	Soilwater metagenome	NA	Soilwater	2015-08-04	Canada:Quebec	51.30387 N 63.85239 W	NA	NA	NA	NA	NA	NA	NA	DNA	1	NA
SWPR20D	SWPR20	PRJNA693020	Soilwater metagenome	NA	Soilwater	2015-08-05	Canada:Quebec	51.20218 N 63.92313 W	NA	NA	NA	NA	NA	NA	NA	DNA	1	NA
SWPR21D	SWPR21	PRJNA693020	Soilwater metagenome	NA	Soilwater	2015-08-06	Canada:Quebec	51.21072 N 63.92059 W	NA	NA	NA	NA	NA	NA	NA	DNA	1	NA
SWPR23D	SWPR23	PRJNA693020	Soilwater metagenome	NA	Soilwater	2015-08-07	Canada:Quebec	51.1863 N 63.9319 W	NA	NA	NA	NA	NA	NA	NA	DNA	1	NA
SWT21D	SWT21	PRJNA693020	Soilwater metagenome	NA	Soilwater	2015-08-08	Canada:Quebec	51.45175 N 63.80902 W	NA	NA	NA	NA	NA	NA	NA	DNA	1	NA
SWT25D	SWT25	PRJNA693020	Soilwater metagenome	NA	Soilwater	2015-08-08	Canada:Quebec	51.61302 N 63.67693 W	NA	NA	NA	NA	NA	NA	NA	DNA	1	NA
SWT27D	SWT27	PRJNA693020	Soilwater metagenome	NA	Soilwater	2015-08-09	Canada:Quebec	50.91058 N 63.24684 W	NA	NA	NA	NA	NA	NA	NA	DNA	1	NA
SWT29D	SWT29	PRJNA693020	Soilwater metagenome	NA	Soilwater	2015-08-10	Canada:Quebec	51.33701 N 63.61772 W	NA	NA	NA	NA	NA	NA	NA	DNA	1	NA
T27D	T27	PRJNA693020	Tributary metagenome	NA	Tributary	2015-08-09	Canada:Quebec	50.91047 N 63.24681 W	NA	NA	NA	NA	NA	NA	NA	DNA	1	0.3
T37D	T37	PRJNA693020	Tributary metagenome	NA	Tributary	2015-08-13	Canada:Quebec	50.37239 N 63.26387 W	NA	NA	NA	NA	NA	NA	NA	DNA	1	0.3
T38D	T38	PRJNA693020	Tributary metagenome	NA	Tributary	2015-08-13	Canada:Quebec	50.56943 N 63.19675 W	NA	NA	NA	NA	NA	NA	NA	DNA	1	0.3
HW24D	HW24	PRJNA693020	Hyporheic metagenome	NA	Hyporheic	2016-06-10	Canada:Quebec	51.21285 N 63.92264 W	NA	NA	NA	NA	NA	NA	NA	DNA	1	NA
HW24R	HW24	PRJNA693020	Hyporheic metagenome	NA	Hyporheic	2016-06-10	Canada:Quebec	51.21285 N 63.92264 W	NA	NA	NA	NA	NA	NA	NA	cDNA	1	NA
HW25D	HW25	PRJNA693020	Hyporheic metagenome	NA	Hyporheic	2016-06-10	Canada:Quebec	51.20954 N 63.42093 W	NA	NA	NA	NA	NA	NA	NA	DNA	1	NA
HW25R	HW25	PRJNA693020	Hyporheic metagenome	NA	Hyporheic	2016-06-10	Canada:Quebec	51.20954 N 63.42093 W	NA	NA	NA	NA	NA	NA	NA	cDNA	1	NA
HW26D	HW26	PRJNA693020	Hyporheic metagenome	NA	Hyporheic	2016-06-11	Canada:Quebec	51.36657 N 63.87721 W	NA	NA	NA	NA	NA	NA	NA	DNA	1	NA
HW26R	HW26	PRJNA693020	Hyporheic metagenome	NA	Hyporheic	2016-06-11	Canada:Quebec	51.36657 N 63.87721 W	NA	NA	NA	NA	NA	NA	NA	cDNA	1	NA
HW27D	HW27	PRJNA693020	Hyporheic metagenome	NA	Hyporheic	2016-06-11	Canada:Quebec	51.36616 N 63.87573 W	NA	NA	NA	NA	NA	NA	NA	DNA	1	NA
HW27R	HW27	PRJNA693020	Hyporheic metagenome	NA	Hyporheic	2016-06-11	Canada:Quebec	51.36616 N 63.87573 W	NA	NA	NA	NA	NA	NA	NA	cDNA	1	NA
HW28R	HW28	PRJNA693020	Hyporheic metagenome	NA	Hyporheic	2016-06-12	Canada:Quebec	51.20215 N 63.92329 W	NA	NA	NA	NA	NA	NA	NA	cDNA	1	NA
HW28D	HW28	PRJNA693020	Hyporheic metagenome	NA	Hyporheic	2016-06-12	Canada:Quebec	51.20215 N 63.92329 W	NA	NA	NA	NA	NA	NA	NA	DNA	1	NA
HW30R	HW30	PRJNA693020	Hyporheic metagenome	NA	Hyporheic	2016-06-12	Canada:Quebec	51.18623 N 63.93188 W	NA	NA	NA	NA	NA	NA	NA	cDNA	1	NA
HW30D	HW30	PRJNA693020	Hyporheic metagenome	NA	Hyporheic	2016-06-12	Canada:Quebec	51.18623 N 63.93188 W	NA	NA	NA	NA	NA	NA	NA	DNA	1	NA
HW31D	HW31	PRJNA693020	Hyporheic metagenome	NA	Hyporheic	2016-06-15	Canada:Quebec	51.30344 N 63.86294 W	NA	NA	NA	NA	NA	NA	NA	DNA	1	NA
HW31R	HW31	PRJNA693020	Hyporheic metagenome	NA	Hyporheic	2016-06-15	Canada:Quebec	51.30344 N 63.86294 W	NA	NA	NA	NA	NA	NA	NA	cDNA	1	NA
HW32D	HW32	PRJNA693020	Hyporheic metagenome	NA	Hyporheic	2016-06-13	Canada:Quebec	51.30254 N 63.87091 W	NA	NA	NA	NA	NA	NA	NA	DNA	1	NA
HW32R	HW32	PRJNA693020	Hyporheic metagenome	NA	Hyporheic	2016-06-13	Canada:Quebec	51.30254 N 63.87091 W	NA	NA	NA	NA	NA	NA	NA	cDNA	1	NA
L3281R	L3281	PRJNA693020	Lake metagenome	NA	Lake	2016-06-12	Canada:Quebec	50.57727 N 63.46136 W	NA	NA	NA	NA	NA	NA	NA	cDNA	1	0.3
L3281D	L3281	PRJNA693020	Lake metagenome	NA	Lake	2016-06-12	Canada:Quebec	50.57727 N 63.46136 W	NA	NA	NA	NA	NA	NA	NA	DNA	1	0.3
L3282R	L3282	PRJNA693020	Lake metagenome	NA	Lake	2016-06-12	Canada:Quebec	50.46541 N 63.57906 W	NA	NA	NA	NA	NA	NA	NA	cDNA	1	0.3
L3291D	L3291	PRJNA693020	Lake metagenome	NA	Lake	2016-06-12	Canada:Quebec	50.5621 N 63.30718 W	NA	NA	NA	NA	NA	NA	NA	DNA	1	0.3
L3291R	L3291	PRJNA693020	Lake metagenome	NA	Lake	2016-06-12	Canada:Quebec	50.5621 N 63.30718 W	NA	NA	NA	NA	NA	NA	NA	cDNA	1	0.3
L3292D	L3292	PRJNA693020	Lake metagenome	NA	Lake	2016-06-12	Canada:Quebec	50.47179 N 63.42405 W	NA	NA	NA	NA	NA	NA	NA	DNA	1	0.3
L3292R	L3292	PRJNA693020	Lake metagenome	NA	Lake	2016-06-12	Canada:Quebec	50.47179 N 63.42405 W	NA	NA	NA	NA	NA	NA	NA	cDNA	1	0.3
L330.C1R	L330.C1	PRJNA693020	Lake metagenome	NA	Lake	2016-06-13	Canada:Quebec	51.18157 N 63.92587 W	NA	NA	NA	NA	NA	NA	NA	cDNA	1	0.3
LR49R	LR49	PRJNA693020	Lake metagenome	NA	Lake	2016-06-02	Canada:Quebec	52.35835 N 63.9938 W	NA	NA	NA	NA	NA	NA	NA	cDNA	1	0.3
LR49D	LR49	PRJNA693020	Lake metagenome	NA	Lake	2016-06-02	Canada:Quebec	52.35835 N 63.9938 W	NA	NA	NA	NA	NA	NA	NA	DNA	1	0.3
LR50R	LR50	PRJNA693020	Lake metagenome	NA	Lake	2016-06-02	Canada:Quebec	52.12788 N 63.70666 W	NA	NA	NA	NA	NA	NA	NA	cDNA	1	0.3
LR50D	LR50	PRJNA693020	Lake metagenome	NA	Lake	2016-06-02	Canada:Quebec	52.12788 N 63.70666 W	NA	NA	NA	NA	NA	NA	NA	DNA	1	0.3
LR51D	LR51	PRJNA693020	Lake metagenome	NA	Lake	2016-06-02	Canada:Quebec	52.05113 N 63.70082 W	NA	NA	NA	NA	NA	NA	NA	DNA	1	0.3
LR51R	LR51	PRJNA693020	Lake metagenome	NA	Lake	2016-06-02	Canada:Quebec	52.05113 N 63.70082 W	NA	NA	NA	NA	NA	NA	NA	cDNA	1	0.3
LR52D	LR52	PRJNA693020	Lake metagenome	NA	Lake	2016-06-03	Canada:Quebec	52.0863 N 63.83093 W	NA	NA	NA	NA	NA	NA	NA	DNA	1	0.3
LR53D	LR53	PRJNA693020	River metagenome	NA	River	2016-06-03	Canada:Quebec	52.05905 N 63.84372 W	NA	NA	NA	NA	NA	NA	NA	DNA	1	0.3
LR53R	LR53	PRJNA693020	River metagenome	NA	River	2016-06-03	Canada:Quebec	52.05905 N 63.84372 W	NA	NA	NA	NA	NA	NA	NA	cDNA	1	0.3
LR54D	LR54	PRJNA693020	River metagenome	NA	River	2016-06-03	Canada:Quebec	51.97409 N 63.77726 W	NA	NA	NA	NA	NA	NA	NA	DNA	1	0.3
LR54R	LR54	PRJNA693020	River metagenome	NA	River	2016-06-03	Canada:Quebec	51.97409 N 63.77726 W	NA	NA	NA	NA	NA	NA	NA	cDNA	1	0.3
LR55D	LR55	PRJNA693020	River metagenome	NA	River	2016-06-05	Canada:Quebec	51.77992 N 63.71551 W	NA	NA	NA	NA	NA	NA	NA	DNA	1	0.3
LR56D	LR56	PRJNA693020	River metagenome	NA	River	2016-06-05	Canada:Quebec	51.70283 N 63.71917 W	NA	NA	NA	NA	NA	NA	NA	DNA	1	0.3
LR56R	LR56	PRJNA693020	River metagenome	NA	River	2016-06-05	Canada:Quebec	51.70283 N 63.71917 W	NA	NA	NA	NA	NA	NA	NA	cDNA	1	0.3
LR57D	LR57	PRJNA693020	River metagenome	NA	River	2016-06-09	Canada:Quebec	50.38105 N 63.26677 W	NA	NA	NA	NA	NA	NA	NA	DNA	1	0.3
LR58D	LR58	PRJNA693020	River metagenome	NA	River	2016-06-09	Canada:Quebec	50.32945 N 63.29131 W	NA	NA	NA	NA	NA	NA	NA	DNA	1	0.3
LR58R	LR58	PRJNA693020	River metagenome	NA	River	2016-06-09	Canada:Quebec	50.32945 N 63.29131 W	NA	NA	NA	NA	NA	NA	NA	cDNA	1	0.3
LR59D	LR59	PRJNA693020	River metagenome	NA	River	2016-06-09	Canada:Quebec	50.32291 N 63.36477 W	NA	NA	NA	NA	NA	NA	NA	DNA	1	0.3
LR59R	LR59	PRJNA693020	River metagenome	NA	River	2016-06-09	Canada:Quebec	50.32291 N 63.36477 W	NA	NA	NA	NA	NA	NA	NA	cDNA	1	0.3
LR60D	LR60	PRJNA693020	River metagenome	NA	River	2016-06-09	Canada:Quebec	50.30492 N 63.58691 W	NA	NA	NA	NA	NA	NA	NA	DNA	1	0.3
LR60R	LR60	PRJNA693020	River metagenome	NA	River	2016-06-09	Canada:Quebec	50.30492 N 63.58691 W	NA	NA	NA	NA	NA	NA	NA	cDNA	1	0.3
LR61D	LR61	PRJNA693020	River metagenome	NA	River	2016-06-09	Canada:Quebec	50.31145 N 63.48157 W	NA	NA	NA	NA	NA	NA	NA	DNA	1	0.3
LR61R	LR61	PRJNA693020	River metagenome	NA	River	2016-06-09	Canada:Quebec	50.31145 N 63.48157 W	NA	NA	NA	NA	NA	NA	NA	cDNA	1	0.3
LR62R	LR62	PRJNA693020	River metagenome	NA	River	2016-06-09	Canada:Quebec	50.317449 N 63.31067 W	NA	NA	NA	NA	NA	NA	NA	cDNA	1	0.3
LR62D	LR62	PRJNA693020	River metagenome	NA	River	2016-06-09	Canada:Quebec	50.317449 N 63.31067 W	NA	NA	NA	NA	NA	NA	NA	DNA	1	0.3
LR63D	LR63	PRJNA693020	River metagenome	NA	River	2016-06-11	Canada:Quebec	51.38269 N 63.58594 W	NA	NA	NA	NA	NA	NA	NA	DNA	1	0.3
LR63R	LR63	PRJNA693020	River metagenome	NA	River	2016-06-11	Canada:Quebec	51.38269 N 63.58594 W	NA	NA	NA	NA	NA	NA	NA	cDNA	1	0.3
LR64D	LR64	PRJNA693020	River metagenome	NA	River	2016-06-11	Canada:Quebec	51.30358 N 63.39372 W	NA	NA	NA	NA	NA	NA	NA	DNA	1	0.3
LR64R	LR64	PRJNA693020	River metagenome	NA	River	2016-06-11	Canada:Quebec	51.30358 N 63.39372 W	NA	NA	NA	NA	NA	NA	NA	cDNA	1	0.3
LR65D	LR65	PRJNA693020	River metagenome	NA	River	2016-06-11	Canada:Quebec	51.27259 N 63.35046 W	NA	NA	NA	NA	NA	NA	NA	DNA	1	0.3
LR65R	LR65	PRJNA693020	River metagenome	NA	River	2016-06-11	Canada:Quebec	51.27259 N 63.35046 W	NA	NA	NA	NA	NA	NA	NA	cDNA	1	0.3
LR66R	LR66	PRJNA693020	River metagenome	NA	River	2016-06-12	Canada:Quebec	51.18214 N 63.36409 W	NA	NA	NA	NA	NA	NA	NA	cDNA	1	0.3
LR67D	LR67	PRJNA693020	River metagenome	NA	River	2016-06-14	Canada:Quebec	50.3096 N 63.6232 W	NA	NA	NA	NA	NA	NA	NA	DNA	1	0.3
LR67R	LR67	PRJNA693020	River metagenome	NA	River	2016-06-14	Canada:Quebec	50.3096 N 63.6232 W	NA	NA	NA	NA	NA	NA	NA	cDNA	1	0.3
LR68D	LR68	PRJNA693020	River metagenome	NA	River	2016-06-14	Canada:Quebec	50.31653 N 63.76784 W	NA	NA	NA	NA	NA	NA	NA	DNA	1	0.3
LR68R	LR68	PRJNA693020	River metagenome	NA	River	2016-06-14	Canada:Quebec	50.31653 N 63.76784 W	NA	NA	NA	NA	NA	NA	NA	cDNA	1	0.3
PR24D	PR24	PRJNA693020	Stream metagenome	NA	Stream	2016-06-10	Canada:Quebec	51.21285 N 63.92264 W	NA	NA	NA	NA	NA	NA	NA	DNA	1	0.3
PR24R	PR24	PRJNA693020	Stream metagenome	NA	Stream	2016-06-10	Canada:Quebec	51.21285 N 63.92264 W	NA	NA	NA	NA	NA	NA	NA	cDNA	1	0.3
PR25D	PR25	PRJNA693020	Stream metagenome	NA	Stream	2016-06-10	Canada:Quebec	51.20954 N 63.92093 W	NA	NA	NA	NA	NA	NA	NA	DNA	1	0.3
PR25R	PR25	PRJNA693020	Stream metagenome	NA	Stream	2016-06-10	Canada:Quebec	51.20954 N 63.92093 W	NA	NA	NA	NA	NA	NA	NA	cDNA	1	0.3
PR26D	PR26	PRJNA693020	Stream metagenome	NA	Stream	2016-06-11	Canada:Quebec	51.36657 N 63.87721 W	NA	NA	NA	NA	NA	NA	NA	DNA	1	0.3
PR26R	PR26	PRJNA693020	Stream metagenome	NA	Stream	2016-06-11	Canada:Quebec	51.36657 N 63.87721 W	NA	NA	NA	NA	NA	NA	NA	cDNA	1	0.3
PR27D	PR27	PRJNA693020	Stream metagenome	NA	Stream	2016-06-11	Canada:Quebec	51.36616 N 63.87573 W	NA	NA	NA	NA	NA	NA	NA	DNA	1	0.3
PR27R	PR27	PRJNA693020	Stream metagenome	NA	Stream	2016-06-11	Canada:Quebec	51.36616 N 63.87573 W	NA	NA	NA	NA	NA	NA	NA	cDNA	1	0.3
PR28D	PR28	PRJNA693020	Stream metagenome	NA	Stream	2016-06-12	Canada:Quebec	51.20215 N 63.92329 W	NA	NA	NA	NA	NA	NA	NA	DNA	1	0.3
PR28R	PR28	PRJNA693020	Stream metagenome	NA	Stream	2016-06-12	Canada:Quebec	51.20215 N 63.92329 W	NA	NA	NA	NA	NA	NA	NA	cDNA	1	0.3
PR29D	PR29	PRJNA693020	Stream metagenome	NA	Stream	2016-06-12	Canada:Quebec	51.2029 N 63.92485 W	NA	NA	NA	NA	NA	NA	NA	DNA	1	0.3
PR29R	PR29	PRJNA693020	Stream metagenome	NA	Stream	2016-06-12	Canada:Quebec	51.2029 N 63.92485 W	NA	NA	NA	NA	NA	NA	NA	cDNA	1	0.3
PR30D	PR30	PRJNA693020	Stream metagenome	NA	Stream	2016-06-12	Canada:Quebec	51.18623 N 63.93188 W	NA	NA	NA	NA	NA	NA	NA	DNA	1	0.3
PR30R	PR30	PRJNA693020	Stream metagenome	NA	Stream	2016-06-12	Canada:Quebec	51.18623 N 63.93188 W	NA	NA	NA	NA	NA	NA	NA	cDNA	1	0.3
PR31D	PR31	PRJNA693020	Stream metagenome	NA	Stream	2016-06-15	Canada:Quebec	51.30344 N 63.86294 W	NA	NA	NA	NA	NA	NA	NA	DNA	1	0.3
PR31R	PR31	PRJNA693020	Stream metagenome	NA	Stream	2016-06-15	Canada:Quebec	51.30344 N 63.86294 W	NA	NA	NA	NA	NA	NA	NA	cDNA	1	0.3
PR32R	PR32	PRJNA693020	Stream metagenome	NA	Stream	2016-06-13	Canada:Quebec	51.30254 N 63.87091 W	NA	NA	NA	NA	NA	NA	NA	cDNA	1	0.3
RO101R	RO101	PRJNA693020	Reservoir metagenome	NA	Reservoir	2016-06-05	Canada:Quebec	50.63185 N 63.16687 W	NA	NA	NA	NA	NA	NA	NA	cDNA	1	0.3
RO101D	RO101	PRJNA693020	Reservoir metagenome	NA	Reservoir	2016-06-05	Canada:Quebec	50.63185 N 63.16687 W	NA	NA	NA	NA	NA	NA	NA	DNA	1	0.3
RO102D	RO102	PRJNA693020	Reservoir metagenome	NA	Reservoir	2016-06-05	Canada:Quebec	50.62154 N 63.17035 W	NA	NA	NA	NA	NA	NA	NA	DNA	1	0.3
RO102R	RO102	PRJNA693020	Reservoir metagenome	NA	Reservoir	2016-06-05	Canada:Quebec	50.62154 N 63.17035 W	NA	NA	NA	NA	NA	NA	NA	cDNA	1	0.3
RO103D	RO103	PRJNA693020	Reservoir metagenome	NA	Reservoir	2016-06-05	Canada:Quebec	50.54065 N 63.22003 W	NA	NA	NA	NA	NA	NA	NA	DNA	1	0.3
RO103R	RO103	PRJNA693020	Reservoir metagenome	NA	Reservoir	2016-06-05	Canada:Quebec	50.54065 N 63.22003 W	NA	NA	NA	NA	NA	NA	NA	cDNA	1	0.3
RO104D	RO104	PRJNA693020	Reservoir metagenome	NA	Reservoir	2016-06-06	Canada:Quebec	50.46759 N 63.24461 W	NA	NA	NA	NA	NA	NA	NA	DNA	1	0.3
RO104R	RO104	PRJNA693020	Reservoir metagenome	NA	Reservoir	2016-06-06	Canada:Quebec	50.46759 N 63.24461 W	NA	NA	NA	NA	NA	NA	NA	cDNA	1	0.3
RO105R	RO105	PRJNA693020	Reservoir metagenome	NA	Reservoir	2016-06-06	Canada:Quebec	50.4438 N 63.2303 W	NA	NA	NA	NA	NA	NA	NA	cDNA	1	0.3
RO106D	RO106	PRJNA693020	Reservoir metagenome	NA	Reservoir	2016-06-15	Canada:Quebec	50.40915 N 63.22786 W	NA	NA	NA	NA	NA	NA	NA	DNA	1	0.3
RO106R	RO106	PRJNA693020	Reservoir metagenome	NA	Reservoir	2016-06-15	Canada:Quebec	50.40915 N 63.22786 W	NA	NA	NA	NA	NA	NA	NA	cDNA	1	0.3
RO230D	RO230	PRJNA693020	Reservoir metagenome	NA	Reservoir	2016-06-01	Canada:Quebec	50.67471 N 63.24033 W	NA	NA	NA	NA	NA	NA	NA	DNA	1	0.3
RO230R	RO230	PRJNA693020	Reservoir metagenome	NA	Reservoir	2016-06-01	Canada:Quebec	50.67471 N 63.24033 W	NA	NA	NA	NA	NA	NA	NA	cDNA	1	0.3
RO231D	RO231	PRJNA693020	Reservoir metagenome	NA	Reservoir	2016-06-01	Canada:Quebec	50.66413 N 63.26339 W	NA	NA	NA	NA	NA	NA	NA	DNA	1	0.3
RO231R	RO231	PRJNA693020	Reservoir metagenome	NA	Reservoir	2016-06-01	Canada:Quebec	50.66413 N 63.26339 W	NA	NA	NA	NA	NA	NA	NA	cDNA	1	0.3
RO232D	RO232	PRJNA693020	Reservoir metagenome	NA	Reservoir	2016-06-02	Canada:Quebec	50.8887 N 63.22811 W	NA	NA	NA	NA	NA	NA	NA	DNA	1	0.3
RO232R	RO232	PRJNA693020	Reservoir metagenome	NA	Reservoir	2016-06-02	Canada:Quebec	50.8887 N 63.22811 W	NA	NA	NA	NA	NA	NA	NA	cDNA	1	0.3
RO233D	RO233	PRJNA693020	Reservoir metagenome	NA	Reservoir	2016-06-02	Canada:Quebec	50.85346 N 63.14424 W	NA	NA	NA	NA	NA	NA	NA	DNA	1	0.3
RO233R	RO233	PRJNA693020	Reservoir metagenome	NA	Reservoir	2016-06-02	Canada:Quebec	50.85346 N 63.14424 W	NA	NA	NA	NA	NA	NA	NA	cDNA	1	0.3
RO234D	RO234	PRJNA693020	Reservoir metagenome	NA	Reservoir	2016-06-03	Canada:Quebec	50.84412 N 63.18341 W	NA	NA	NA	NA	NA	NA	NA	DNA	1	0.3
RO234R	RO234	PRJNA693020	Reservoir metagenome	NA	Reservoir	2016-06-03	Canada:Quebec	50.84412 N 63.18341 W	NA	NA	NA	NA	NA	NA	NA	cDNA	1	0.3
RO235D	RO235	PRJNA693020	Reservoir metagenome	NA	Reservoir	2016-06-03	Canada:Quebec	50.79803 N 63.2 W	NA	NA	NA	NA	NA	NA	NA	DNA	1	0.3
RO235R	RO235	PRJNA693020	Reservoir metagenome	NA	Reservoir	2016-06-03	Canada:Quebec	50.79803 N 63.2 W	NA	NA	NA	NA	NA	NA	NA	cDNA	1	0.3
RO236R	RO236	PRJNA693020	Reservoir metagenome	NA	Reservoir	2016-06-04	Canada:Quebec	50.65737 N 63.2671 W	NA	NA	NA	NA	NA	NA	NA	cDNA	1	0.3
RO236D	RO236	PRJNA693020	Reservoir metagenome	NA	Reservoir	2016-06-04	Canada:Quebec	50.65737 N 63.2671 W	NA	NA	NA	NA	NA	NA	NA	DNA	1	0.3
RO237D	RO237	PRJNA693020	Reservoir metagenome	NA	Reservoir	2016-06-04	Canada:Quebec	50.74194 N 63.23214 W	NA	NA	NA	NA	NA	NA	NA	DNA	1	0.3
RO237R	RO237	PRJNA693020	Reservoir metagenome	NA	Reservoir	2016-06-04	Canada:Quebec	50.74194 N 63.23214 W	NA	NA	NA	NA	NA	NA	NA	cDNA	1	0.3
RO238D	RO238	PRJNA693020	Reservoir metagenome	NA	Reservoir	2016-06-04	Canada:Quebec	50.72093 N 63.26571 W	NA	NA	NA	NA	NA	NA	NA	DNA	1	0.3
RO238R	RO238	PRJNA693020	Reservoir metagenome	NA	Reservoir	2016-06-04	Canada:Quebec	50.72093 N 63.26571 W	NA	NA	NA	NA	NA	NA	NA	cDNA	1	0.3
RO240D	RO240	PRJNA693020	Reservoir metagenome	NA	Reservoir	2016-06-10	Canada:Quebec	51.08335 N 63.38289 W	NA	NA	NA	NA	NA	NA	NA	DNA	1	0.3
RO240R	RO240	PRJNA693020	Reservoir metagenome	NA	Reservoir	2016-06-10	Canada:Quebec	51.08335 N 63.38289 W	NA	NA	NA	NA	NA	NA	NA	cDNA	1	0.3
RO241D	RO241	PRJNA693020	Reservoir metagenome	NA	Reservoir	2016-06-10	Canada:Quebec	51.0348 N 63.29682 W	NA	NA	NA	NA	NA	NA	NA	DNA	1	0.3
RO241R	RO241	PRJNA693020	Reservoir metagenome	NA	Reservoir	2016-06-10	Canada:Quebec	51.0348 N 63.29682 W	NA	NA	NA	NA	NA	NA	NA	cDNA	1	0.3
RO242R	RO242	PRJNA693020	Reservoir metagenome	NA	Reservoir	2016-06-10	Canada:Quebec	51.05873 N 63.19751 W	NA	NA	NA	NA	NA	NA	NA	cDNA	1	0.3
RO242D	RO242	PRJNA693020	Reservoir metagenome	NA	Reservoir	2016-06-10	Canada:Quebec	51.05873 N 63.19751 W	NA	NA	NA	NA	NA	NA	NA	DNA	1	0.3
RO243R	RO243	PRJNA693020	Reservoir metagenome	NA	Reservoir	2016-06-10	Canada:Quebec	51.03102 N 63.39302 W	NA	NA	NA	NA	NA	NA	NA	cDNA	1	0.3
RO243D	RO243	PRJNA693020	Reservoir metagenome	NA	Reservoir	2016-06-10	Canada:Quebec	51.03102 N 63.39302 W	NA	NA	NA	NA	NA	NA	NA	DNA	1	0.3
RO244D	RO244	PRJNA693020	Reservoir metagenome	NA	Reservoir	2016-06-10	Canada:Quebec	50.96748 N 63.2967 W	NA	NA	NA	NA	NA	NA	NA	DNA	1	0.3
RO245D	RO245	PRJNA693020	Reservoir metagenome	NA	Reservoir	2016-06-12	Canada:Quebec	50.94175 N 63.34061 W	NA	NA	NA	NA	NA	NA	NA	DNA	1	0.3
RO245R	RO245	PRJNA693020	Reservoir metagenome	NA	Reservoir	2016-06-12	Canada:Quebec	50.94175 N 63.34061 W	NA	NA	NA	NA	NA	NA	NA	cDNA	1	0.3
SW24D	SW24	PRJNA693020	Soilwater metagenome	NA	Soilwater	2016-06-10	Canada:Quebec	51.21285 N 63.92264 W	NA	NA	NA	NA	NA	NA	NA	DNA	1	NA
SW24R	SW24	PRJNA693020	Soilwater metagenome	NA	Soilwater	2016-06-10	Canada:Quebec	51.21285 N 63.92264 W	NA	NA	NA	NA	NA	NA	NA	cDNA	1	NA
SW26D	SW26	PRJNA693020	Soilwater metagenome	NA	Soilwater	2016-06-11	Canada:Quebec	51.36657 N 63.87721 W	NA	NA	NA	NA	NA	NA	NA	DNA	1	NA
SW26R	SW26	PRJNA693020	Soilwater metagenome	NA	Soilwater	2016-06-11	Canada:Quebec	51.36657 N 63.87721 W	NA	NA	NA	NA	NA	NA	NA	cDNA	1	NA
SW27D	SW27	PRJNA693020	Soilwater metagenome	NA	Soilwater	2016-06-11	Canada:Quebec	51.36616 N 63.87573 W	NA	NA	NA	NA	NA	NA	NA	DNA	1	NA
SW28R	SW28	PRJNA693020	Soilwater metagenome	NA	Soilwater	2016-06-12	Canada:Quebec	51.20215 N 63.92329 W	NA	NA	NA	NA	NA	NA	NA	cDNA	1	NA
SW28D	SW28	PRJNA693020	Soilwater metagenome	NA	Soilwater	2016-06-12	Canada:Quebec	51.20215 N 63.92329 W	NA	NA	NA	NA	NA	NA	NA	DNA	1	NA
SW30R	SW30	PRJNA693020	Soilwater metagenome	NA	Soilwater	2016-06-12	Canada:Quebec	51.18623 N 63.93188 W	NA	NA	NA	NA	NA	NA	NA	cDNA	1	NA
SW30D	SW30	PRJNA693020	Soilwater metagenome	NA	Soilwater	2016-06-12	Canada:Quebec	51.18623 N 63.93188 W	NA	NA	NA	NA	NA	NA	NA	DNA	1	NA
SW31D	SW31	PRJNA693020	Soilwater metagenome	NA	Soilwater	2016-06-15	Canada:Quebec	51.30344 N 63.86294 W	NA	NA	NA	NA	NA	NA	NA	DNA	1	NA
SW31R	SW31	PRJNA693020	Soilwater metagenome	NA	Soilwater	2016-06-15	Canada:Quebec	51.30344 N 63.86294 W	NA	NA	NA	NA	NA	NA	NA	cDNA	1	NA
T47D	T47	PRJNA693020	Tributary metagenome	NA	Tributary	2016-06-14	Canada:Quebec	50.3108 N 63.66121 W	NA	NA	NA	NA	NA	NA	NA	DNA	1	0.3
T47R	T47	PRJNA693020	Tributary metagenome	NA	Tributary	2016-06-14	Canada:Quebec	50.3108 N 63.66121 W	NA	NA	NA	NA	NA	NA	NA	cDNA	1	0.3
T48D	T48	PRJNA693020	Tributary metagenome	NA	Tributary	2016-06-14	Canada:Quebec	50.32102 N 63.720285 W	NA	NA	NA	NA	NA	NA	NA	DNA	1	0.3
T48R	T48	PRJNA693020	Tributary metagenome	NA	Tributary	2016-06-14	Canada:Quebec	50.32102 N 63.720285 W	NA	NA	NA	NA	NA	NA	NA	cDNA	1	0.3
HW33D	HW33	PRJNA693020	Hyporheic metagenome	NA	Hyporheic	2016-08-04	Canada:Quebec	51.36618 N 63.87583 W	NA	NA	NA	NA	NA	NA	NA	DNA	1	NA
HW34D	HW34	PRJNA693020	Hyporheic metagenome	NA	Hyporheic	2016-08-04	Canada:Quebec	51.36654 N 63.87719 W	NA	NA	NA	NA	NA	NA	NA	DNA	1	NA
HW34R	HW34	PRJNA693020	Hyporheic metagenome	NA	Hyporheic	2016-08-04	Canada:Quebec	51.36654 N 63.87719 W	NA	NA	NA	NA	NA	NA	NA	cDNA	1	NA
HW35D	HW35	PRJNA693020	Hyporheic metagenome	NA	Hyporheic	2016-08-05	Canada:Quebec	51.21284 N 63.92261 W	NA	NA	NA	NA	NA	NA	NA	DNA	1	NA
HW35R	HW35	PRJNA693020	Hyporheic metagenome	NA	Hyporheic	2016-08-05	Canada:Quebec	51.21284 N 63.92261 W	NA	NA	NA	NA	NA	NA	NA	cDNA	1	NA
HW36D	HW36	PRJNA693020	Hyporheic metagenome	NA	Hyporheic	2016-08-05	Canada:Quebec	51.2095 N 63.92092 W	NA	NA	NA	NA	NA	NA	NA	DNA	1	NA
HW36R	HW36	PRJNA693020	Hyporheic metagenome	NA	Hyporheic	2016-08-05	Canada:Quebec	51.2095 N 63.92092 W	NA	NA	NA	NA	NA	NA	NA	cDNA	1	NA
HW37D	HW37	PRJNA693020	Hyporheic metagenome	NA	Hyporheic	2016-08-07	Canada:Quebec	51.20212 N 63.9233 W	NA	NA	NA	NA	NA	NA	NA	DNA	1	NA
HW37R	HW37	PRJNA693020	Hyporheic metagenome	NA	Hyporheic	2016-08-07	Canada:Quebec	51.20212 N 63.9233 W	NA	NA	NA	NA	NA	NA	NA	cDNA	1	NA
HW40D	HW40	PRJNA693020	Hyporheic metagenome	NA	Hyporheic	2016-08-09	Canada:Quebec	51.303572 N 63.869197 W	NA	NA	NA	NA	NA	NA	NA	DNA	1	NA
HW40R	HW40	PRJNA693020	Hyporheic metagenome	NA	Hyporheic	2016-08-09	Canada:Quebec	51.303572 N 63.869197 W	NA	NA	NA	NA	NA	NA	NA	cDNA	1	NA
HW42D	HW42	PRJNA693020	Hyporheic metagenome	NA	Hyporheic	2016-08-10	Canada:Quebec	51.30536 N 63.8649 W	NA	NA	NA	NA	NA	NA	NA	DNA	1	NA
HW42R	HW42	PRJNA693020	Hyporheic metagenome	NA	Hyporheic	2016-08-10	Canada:Quebec	51.30536 N 63.8649 W	NA	NA	NA	NA	NA	NA	NA	cDNA	1	NA
HW43D	HW43	PRJNA693020	Hyporheic metagenome	NA	Hyporheic	2016-08-10	Canada:Quebec	51.30408 N 63.85194 W	NA	NA	NA	NA	NA	NA	NA	DNA	1	NA
L330-s2-D	L330	PRJNA693020	Lake metagenome	NA	Lake	2016-08-05	Canada:Quebec	51.18157 N 63.92587 W	NA	NA	NA	NA	NA	NA	NA	DNA	2	0.3
L330R	L330	PRJNA693020	Lake metagenome	NA	Lake	2016-08-05	Canada:Quebec	51.18157 N 63.92587 W	NA	NA	NA	NA	NA	NA	NA	cDNA	1	0.3
L331D	L331	PRJNA693020	Lake metagenome	NA	Lake	2016-08-05	Canada:Quebec	51.18164 N 63.92405 W	NA	NA	NA	NA	NA	NA	NA	DNA	1	0.3
L331R	L331	PRJNA693020	Lake metagenome	NA	Lake	2016-08-05	Canada:Quebec	51.18164 N 63.92405 W	NA	NA	NA	NA	NA	NA	NA	cDNA	1	0.3
L332D	L332	PRJNA693020	Lake metagenome	NA	Lake	2016-08-11	Canada:Quebec	51.18935 N 63.90314 W	NA	NA	NA	NA	NA	NA	NA	DNA	1	0.3
L332R	L332	PRJNA693020	Lake metagenome	NA	Lake	2016-08-11	Canada:Quebec	51.18935 N 63.90314 W	NA	NA	NA	NA	NA	NA	NA	cDNA	1	0.3
L333D	L333	PRJNA693020	Lake metagenome	NA	Lake	2016-08-11	Canada:Quebec	51.18164 N 63.89855 W	NA	NA	NA	NA	NA	NA	NA	DNA	1	0.3
L333R	L333	PRJNA693020	Lake metagenome	NA	Lake	2016-08-11	Canada:Quebec	51.18164 N 63.89855 W	NA	NA	NA	NA	NA	NA	NA	cDNA	1	0.3
L334D	L334	PRJNA693020	Lake metagenome	NA	Lake	2016-08-11	Canada:Quebec	51.19883 N 63.90014 W	NA	NA	NA	NA	NA	NA	NA	DNA	1	0.3
L334R	L334	PRJNA693020	Lake metagenome	NA	Lake	2016-08-11	Canada:Quebec	51.19883 N 63.90014 W	NA	NA	NA	NA	NA	NA	NA	cDNA	1	0.3
L3351D	L3351	PRJNA693020	Lake metagenome	NA	Lake	2016-08-12	Canada:Quebec	50.58389 N 63.46034 W	NA	NA	NA	NA	NA	NA	NA	DNA	1	0.3
L3362D	L3362	PRJNA693020	Lake metagenome	NA	Lake	2016-08-12	Canada:Quebec	50.51064 N 63.41678 W	NA	NA	NA	NA	NA	NA	NA	DNA	1	0.3
LR69D	LR69	PRJNA693020	River metagenome	NA	River	2016-08-06	Canada:Quebec	50.32419 N 63.36647 W	NA	NA	NA	NA	NA	NA	NA	DNA	1	0.3
LR69R	LR69	PRJNA693020	River metagenome	NA	River	2016-08-06	Canada:Quebec	50.32419 N 63.36647 W	NA	NA	NA	NA	NA	NA	NA	cDNA	1	0.3
LR70D	LR70	PRJNA693020	River metagenome	NA	River	2016-08-06	Canada:Quebec	50.32811 N 63.28559 W	NA	NA	NA	NA	NA	NA	NA	DNA	1	0.3
LR71D	LR71	PRJNA693020	River metagenome	NA	River	2016-08-06	Canada:Quebec	50.38126 N 63.26665 W	NA	NA	NA	NA	NA	NA	NA	DNA	1	0.3
LR71R	LR71	PRJNA693020	River metagenome	NA	River	2016-08-06	Canada:Quebec	50.38126 N 63.26665 W	NA	NA	NA	NA	NA	NA	NA	cDNA	1	0.3
LR72D	LR72	PRJNA693020	Lake metagenome	NA	Lake	2016-08-09	Canada:Quebec	52.35541 N 63.99129 W	NA	NA	NA	NA	NA	NA	NA	DNA	1	0.3
LR72R	LR72	PRJNA693020	Lake metagenome	NA	Lake	2016-08-09	Canada:Quebec	52.35541 N 63.99129 W	NA	NA	NA	NA	NA	NA	NA	cDNA	1	0.3
LR73D	LR73	PRJNA693020	Lake metagenome	NA	Lake	2016-08-11	Canada:Quebec	52.087 N 63.83802 W	NA	NA	NA	NA	NA	NA	NA	DNA	1	0.3
LR73R	LR73	PRJNA693020	Lake metagenome	NA	Lake	2016-08-11	Canada:Quebec	52.087 N 63.83802 W	NA	NA	NA	NA	NA	NA	NA	cDNA	1	0.3
LR74R	LR74	PRJNA693020	Lake metagenome	NA	Lake	2016-08-11	Canada:Quebec	52.05544 N 63.68134 W	NA	NA	NA	NA	NA	NA	NA	cDNA	1	0.3
LR75D	LR75	PRJNA693020	River metagenome	NA	River	2016-08-11	Canada:Quebec	50.36592 N 63.58032 W	NA	NA	NA	NA	NA	NA	NA	DNA	1	0.3
LR75R	LR75	PRJNA693020	River metagenome	NA	River	2016-08-11	Canada:Quebec	50.36592 N 63.58032 W	NA	NA	NA	NA	NA	NA	NA	cDNA	1	0.3
LR80D	LR80	PRJNA693020	River metagenome	NA	River	2016-08-14	Canada:Quebec	51.65284 N 63.71143 W	NA	NA	NA	NA	NA	NA	NA	DNA	1	0.3
LR80R	LR80	PRJNA693020	River metagenome	NA	River	2016-08-14	Canada:Quebec	51.65284 N 63.71143 W	NA	NA	NA	NA	NA	NA	NA	cDNA	1	0.3
M17D	M17	PRJNA693020	Estuary metagenome	NA	Estuary	2016-08-14	Canada:Quebec	50.28684 N 63.84786 W	NA	NA	NA	NA	NA	NA	NA	DNA	1	0.3
M17R	M17	PRJNA693020	Estuary metagenome	NA	Estuary	2016-08-14	Canada:Quebec	50.28684 N 63.84786 W	NA	NA	NA	NA	NA	NA	NA	cDNA	1	0.3
M18D	M18	PRJNA693020	Estuary metagenome	NA	Estuary	2016-08-14	Canada:Quebec	50.28551 N 63.85236 W	NA	NA	NA	NA	NA	NA	NA	DNA	1	0.3
M18R	M18	PRJNA693020	Estuary metagenome	NA	Estuary	2016-08-14	Canada:Quebec	50.28551 N 63.85236 W	NA	NA	NA	NA	NA	NA	NA	cDNA	1	0.3
M19D	M19	PRJNA693020	Estuary metagenome	NA	Estuary	2016-08-14	Canada:Quebec	50.26292 N 63.85185 W	NA	NA	NA	NA	NA	NA	NA	DNA	1	0.3
M19R	M19	PRJNA693020	Estuary metagenome	NA	Estuary	2016-08-14	Canada:Quebec	50.26292 N 63.85185 W	NA	NA	NA	NA	NA	NA	NA	cDNA	1	0.3
M20D	M20	PRJNA693020	Estuary metagenome	NA	Estuary	2016-08-14	Canada:Quebec	50.2596 N 63.84907 W	NA	NA	NA	NA	NA	NA	NA	DNA	1	0.3
M20R	M20	PRJNA693020	Estuary metagenome	NA	Estuary	2016-08-14	Canada:Quebec	50.2596 N 63.84907 W	NA	NA	NA	NA	NA	NA	NA	cDNA	1	0.3
PR33D	PR33	PRJNA693020	Stream metagenome	NA	Stream	2016-08-04	Canada:Quebec	51.36618 N 63.87583 W	NA	NA	NA	NA	NA	NA	NA	DNA	1	0.3
PR34D	PR34	PRJNA693020	Stream metagenome	NA	Stream	2016-08-04	Canada:Quebec	51.36654 N 63.87719 W	NA	NA	NA	NA	NA	NA	NA	DNA	1	0.3
PR34R	PR34	PRJNA693020	Stream metagenome	NA	Stream	2016-08-04	Canada:Quebec	51.36654 N 63.87719 W	NA	NA	NA	NA	NA	NA	NA	cDNA	1	0.3
PR35D	PR35	PRJNA693020	Stream metagenome	NA	Stream	2016-08-05	Canada:Quebec	51.21284 N 63.92261 W	NA	NA	NA	NA	NA	NA	NA	DNA	1	0.3
PR35R	PR35	PRJNA693020	Stream metagenome	NA	Stream	2016-08-05	Canada:Quebec	51.21284 N 63.92261 W	NA	NA	NA	NA	NA	NA	NA	cDNA	1	0.3
PR36D	PR36	PRJNA693020	Stream metagenome	NA	Stream	2016-08-05	Canada:Quebec	51.2095 N 63.92092 W	NA	NA	NA	NA	NA	NA	NA	DNA	1	0.3
PR36R	PR36	PRJNA693020	Stream metagenome	NA	Stream	2016-08-05	Canada:Quebec	51.2095 N 63.92092 W	NA	NA	NA	NA	NA	NA	NA	cDNA	1	0.3
PR37D	PR37	PRJNA693020	Stream metagenome	NA	Stream	2016-08-07	Canada:Quebec	51.20212 N 63.9233 W	NA	NA	NA	NA	NA	NA	NA	DNA	1	0.3
PR37R	PR37	PRJNA693020	Stream metagenome	NA	Stream	2016-08-07	Canada:Quebec	51.20212 N 63.9233 W	NA	NA	NA	NA	NA	NA	NA	cDNA	1	0.3
PR38D	PR38	PRJNA693020	Stream metagenome	NA	Stream	2016-08-07	Canada:Quebec	51.20287 N 63.92476 W	NA	NA	NA	NA	NA	NA	NA	DNA	1	0.3
PR38R	PR38	PRJNA693020	Stream metagenome	NA	Stream	2016-08-07	Canada:Quebec	51.20287 N 63.92476 W	NA	NA	NA	NA	NA	NA	NA	cDNA	1	0.3
PR39D	PR39	PRJNA693020	Stream metagenome	NA	Stream	2016-08-07	Canada:Quebec	51.18631 N 63.93174 W	NA	NA	NA	NA	NA	NA	NA	DNA	1	0.3
PR40D	PR40	PRJNA693020	Stream metagenome	NA	Stream	2016-08-09	Canada:Quebec	51.303572 N 63.869197 W	NA	NA	NA	NA	NA	NA	NA	DNA	1	0.3
PR40R	PR40	PRJNA693020	Stream metagenome	NA	Stream	2016-08-09	Canada:Quebec	51.303572 N 63.869197 W	NA	NA	NA	NA	NA	NA	NA	cDNA	1	0.3
PR41D	PR41	PRJNA693020	Stream metagenome	NA	Stream	2016-08-09	Canada:Quebec	51.30254 N 63.87091 W	NA	NA	NA	NA	NA	NA	NA	DNA	1	0.3
PR41R	PR41	PRJNA693020	Stream metagenome	NA	Stream	2016-08-09	Canada:Quebec	51.30254 N 63.87091 W	NA	NA	NA	NA	NA	NA	NA	cDNA	1	0.3
PR42D	PR42	PRJNA693020	Stream metagenome	NA	Stream	2016-08-10	Canada:Quebec	51.30536 N 63.8649 W	NA	NA	NA	NA	NA	NA	NA	DNA	1	0.3
PR42R	PR42	PRJNA693020	Stream metagenome	NA	Stream	2016-08-10	Canada:Quebec	51.30536 N 63.8649 W	NA	NA	NA	NA	NA	NA	NA	cDNA	1	0.3
PR43D	PR43	PRJNA693020	Stream metagenome	NA	Stream	2016-08-10	Canada:Quebec	51.30408 N 63.85194 W	NA	NA	NA	NA	NA	NA	NA	DNA	1	0.3
PR43R	PR43	PRJNA693020	Stream metagenome	NA	Stream	2016-08-10	Canada:Quebec	51.30408 N 63.85194 W	NA	NA	NA	NA	NA	NA	NA	cDNA	1	0.3
RO107D	RO107	PRJNA693020	Reservoir metagenome	NA	Reservoir	2016-08-03	Canada:Quebec	50.46215 N 63.22967 W	NA	NA	NA	NA	NA	NA	NA	DNA	1	0.3
RO107R	RO107	PRJNA693020	Reservoir metagenome	NA	Reservoir	2016-08-03	Canada:Quebec	50.46215 N 63.22967 W	NA	NA	NA	NA	NA	NA	NA	cDNA	1	0.3
RO108D	RO108	PRJNA693020	Reservoir metagenome	NA	Reservoir	2016-08-04	Canada:Quebec	50.62074 N 63.16989 W	NA	NA	NA	NA	NA	NA	NA	DNA	1	0.3
RO108R	RO108	PRJNA693020	Reservoir metagenome	NA	Reservoir	2016-08-04	Canada:Quebec	50.62074 N 63.16989 W	NA	NA	NA	NA	NA	NA	NA	cDNA	1	0.3
RO109D	RO109	PRJNA693020	Reservoir metagenome	NA	Reservoir	2016-08-04	Canada:Quebec	50.45219 N 63.23246 W	NA	NA	NA	NA	NA	NA	NA	DNA	1	0.3
RO109R	RO109	PRJNA693020	Reservoir metagenome	NA	Reservoir	2016-08-04	Canada:Quebec	50.45219 N 63.23246 W	NA	NA	NA	NA	NA	NA	NA	cDNA	1	0.3
RO112D	RO112	PRJNA693020	Reservoir metagenome	NA	Reservoir	2016-08-15	Canada:Quebec	50.43068 N 63.21952 W	NA	NA	NA	NA	NA	NA	NA	DNA	1	0.3
RO112R	RO112	PRJNA693020	Reservoir metagenome	NA	Reservoir	2016-08-15	Canada:Quebec	50.43068 N 63.21952 W	NA	NA	NA	NA	NA	NA	NA	cDNA	1	0.3
RO246D	RO246	PRJNA693020	Reservoir metagenome	NA	Reservoir	2016-08-05	Canada:Quebec	50.8881 N 63.22749 W	NA	NA	NA	NA	NA	NA	NA	DNA	1	0.3
RO246R	RO246	PRJNA693020	Reservoir metagenome	NA	Reservoir	2016-08-05	Canada:Quebec	50.8881 N 63.22749 W	NA	NA	NA	NA	NA	NA	NA	cDNA	1	0.3
RO247D	RO247	PRJNA693020	Reservoir metagenome	NA	Reservoir	2016-08-05	Canada:Quebec	50.85912 N 63.1628 W	NA	NA	NA	NA	NA	NA	NA	DNA	1	0.3
RO247R	RO247	PRJNA693020	Reservoir metagenome	NA	Reservoir	2016-08-05	Canada:Quebec	50.85912 N 63.1628 W	NA	NA	NA	NA	NA	NA	NA	cDNA	1	0.3
RO248D	RO248	PRJNA693020	Reservoir metagenome	NA	Reservoir	2016-08-07	Canada:Quebec	51.00187 N 63.34712 W	NA	NA	NA	NA	NA	NA	NA	DNA	1	0.3
RO248R	RO248	PRJNA693020	Reservoir metagenome	NA	Reservoir	2016-08-07	Canada:Quebec	51.00187 N 63.34712 W	NA	NA	NA	NA	NA	NA	NA	cDNA	1	0.3
RO249D	RO249	PRJNA693020	Reservoir metagenome	NA	Reservoir	2016-08-07	Canada:Quebec	51.02136 N 63.30664 W	NA	NA	NA	NA	NA	NA	NA	DNA	1	0.3
RO249R	RO249	PRJNA693020	Reservoir metagenome	NA	Reservoir	2016-08-07	Canada:Quebec	51.02136 N 63.30664 W	NA	NA	NA	NA	NA	NA	NA	cDNA	1	0.3
RO250D	RO250	PRJNA693020	Reservoir metagenome	NA	Reservoir	2016-08-07	Canada:Quebec	51.05091 N 63.19594 W	NA	NA	NA	NA	NA	NA	NA	DNA	1	0.3
RO250R	RO250	PRJNA693020	Reservoir metagenome	NA	Reservoir	2016-08-07	Canada:Quebec	51.05091 N 63.19594 W	NA	NA	NA	NA	NA	NA	NA	cDNA	1	0.3
RO251D	RO251	PRJNA693020	Reservoir metagenome	NA	Reservoir	2016-08-07	Canada:Quebec	51.01549 N 63.25632 W	NA	NA	NA	NA	NA	NA	NA	DNA	1	0.3
RO251R	RO251	PRJNA693020	Reservoir metagenome	NA	Reservoir	2016-08-07	Canada:Quebec	51.01549 N 63.25632 W	NA	NA	NA	NA	NA	NA	NA	cDNA	1	0.3
RO252D	RO252	PRJNA693020	Reservoir metagenome	NA	Reservoir	2016-08-08	Canada:Quebec	50.94286 N 63.34372 W	NA	NA	NA	NA	NA	NA	NA	DNA	1	0.3
RO252R	RO252	PRJNA693020	Reservoir metagenome	NA	Reservoir	2016-08-08	Canada:Quebec	50.94286 N 63.34372 W	NA	NA	NA	NA	NA	NA	NA	cDNA	1	0.3
RO253D	RO253	PRJNA693020	Reservoir metagenome	NA	Reservoir	2016-08-08	Canada:Quebec	50.95873 N 63.30883 W	NA	NA	NA	NA	NA	NA	NA	DNA	1	0.3
RO254R	RO254	PRJNA693020	Reservoir metagenome	NA	Reservoir	2016-08-08	Canada:Quebec	50.86029 N 63.18496 W	NA	NA	NA	NA	NA	NA	NA	cDNA	1	0.3
RO255D	RO255	PRJNA693020	Reservoir metagenome	NA	Reservoir	2016-08-10	Canada:Quebec	50.8422 N 63.18331 W	NA	NA	NA	NA	NA	NA	NA	DNA	1	0.3
RO255R	RO255	PRJNA693020	Reservoir metagenome	NA	Reservoir	2016-08-10	Canada:Quebec	50.8422 N 63.18331 W	NA	NA	NA	NA	NA	NA	NA	cDNA	1	0.3
RO256D	RO256	PRJNA693020	Reservoir metagenome	NA	Reservoir	2016-08-10	Canada:Quebec	50.7984 N 63.20644 W	NA	NA	NA	NA	NA	NA	NA	DNA	1	0.3
RO256R	RO256	PRJNA693020	Reservoir metagenome	NA	Reservoir	2016-08-10	Canada:Quebec	50.7984 N 63.20644 W	NA	NA	NA	NA	NA	NA	NA	cDNA	1	0.3
RO257D	RO257	PRJNA693020	Reservoir metagenome	NA	Reservoir	2016-08-10	Canada:Quebec	50.75955 N 63.2112 W	NA	NA	NA	NA	NA	NA	NA	DNA	1	0.3
RO257R	RO257	PRJNA693020	Reservoir metagenome	NA	Reservoir	2016-08-10	Canada:Quebec	50.75955 N 63.2112 W	NA	NA	NA	NA	NA	NA	NA	cDNA	1	0.3
RO261D	RO261	PRJNA693020	Reservoir metagenome	NA	Reservoir	2016-08-13	Canada:Quebec	50.6547 N 63.26506 W	NA	NA	NA	NA	NA	NA	NA	DNA	1	0.3
SW33D	SW33	PRJNA693020	Soilwater metagenome	NA	Soilwater	2016-08-04	Canada:Quebec	51.36618 N 63.87583 W	NA	NA	NA	NA	NA	NA	NA	DNA	1	NA
SW33R	SW33	PRJNA693020	Soilwater metagenome	NA	Soilwater	2016-08-04	Canada:Quebec	51.36618 N 63.87583 W	NA	NA	NA	NA	NA	NA	NA	cDNA	1	NA
SW34D	SW34	PRJNA693020	Soilwater metagenome	NA	Soilwater	2016-08-04	Canada:Quebec	51.36654 N 63.87719 W	NA	NA	NA	NA	NA	NA	NA	DNA	1	NA
SW34R	SW34	PRJNA693020	Soilwater metagenome	NA	Soilwater	2016-08-04	Canada:Quebec	51.36654 N 63.87719 W	NA	NA	NA	NA	NA	NA	NA	cDNA	1	NA
SW35D	SW35	PRJNA693020	Soilwater metagenome	NA	Soilwater	2016-08-05	Canada:Quebec	51.21284 N 63.92261 W	NA	NA	NA	NA	NA	NA	NA	DNA	1	NA
SW35R	SW35	PRJNA693020	Soilwater metagenome	NA	Soilwater	2016-08-05	Canada:Quebec	51.21284 N 63.92261 W	NA	NA	NA	NA	NA	NA	NA	cDNA	1	NA
SW36D	SW36	PRJNA693020	Soilwater metagenome	NA	Soilwater	2016-08-05	Canada:Quebec	51.2095 N 63.92092 W	NA	NA	NA	NA	NA	NA	NA	DNA	1	NA
SW36R	SW36	PRJNA693020	Soilwater metagenome	NA	Soilwater	2016-08-05	Canada:Quebec	51.2095 N 63.92092 W	NA	NA	NA	NA	NA	NA	NA	cDNA	1	NA
SW37D	SW37	PRJNA693020	Soilwater metagenome	NA	Soilwater	2016-08-07	Canada:Quebec	51.20212 N 63.9233 W	NA	NA	NA	NA	NA	NA	NA	DNA	1	NA
SW39D	SW39	PRJNA693020	Soilwater metagenome	NA	Soilwater	2016-08-07	Canada:Quebec	51.18631 N 63.93174 W	NA	NA	NA	NA	NA	NA	NA	DNA	1	NA
SW40D	SW40	PRJNA693020	Soilwater metagenome	NA	Soilwater	2016-08-09	Canada:Quebec	51.303572 N 63.869197 W	NA	NA	NA	NA	NA	NA	NA	DNA	1	NA
SW40R	SW40	PRJNA693020	Soilwater metagenome	NA	Soilwater	2016-08-09	Canada:Quebec	51.303572 N 63.869197 W	NA	NA	NA	NA	NA	NA	NA	cDNA	1	NA
SW42D	SW42	PRJNA693020	Soilwater metagenome	NA	Soilwater	2016-08-10	Canada:Quebec	51.30536 N 63.8649 W	NA	NA	NA	NA	NA	NA	NA	DNA	1	NA
SW42R	SW42	PRJNA693020	Soilwater metagenome	NA	Soilwater	2016-08-10	Canada:Quebec	51.30536 N 63.8649 W	NA	NA	NA	NA	NA	NA	NA	cDNA	1	NA
SW43D	SW43	PRJNA693020	Soilwater metagenome	NA	Soilwater	2016-08-10	Canada:Quebec	51.30408 N 63.85194 W	NA	NA	NA	NA	NA	NA	NA	DNA	1	NA
SW43R	SW43	PRJNA693020	Soilwater metagenome	NA	Soilwater	2016-08-10	Canada:Quebec	51.30408 N 63.85194 W	NA	NA	NA	NA	NA	NA	NA	cDNA	1	NA
TR49D	TR49	PRJNA693020	Tributary metagenome	NA	Tributary	2016-08-15	Canada:Quebec	50.42857 N 63.21352 W	NA	NA	NA	NA	NA	NA	NA	DNA	1	0.3
TR49R	TR49	PRJNA693020	Tributary metagenome	NA	Tributary	2016-08-15	Canada:Quebec	50.42857 N 63.21352 W	NA	NA	NA	NA	NA	NA	NA	cDNA	1	0.3
LR113D	LR113	PRJNA693020	Lake metagenome	NA	Lake	2017-08-09	Canada:Quebec	52.3521241188954 N 63.9812450963776 W	NA	NA	NA	NA	NA	NA	NA	DNA	1	0.3
LR113R	LR113	PRJNA693020	Lake metagenome	NA	Lake	2017-08-09	Canada:Quebec	52.3521241188954 N 63.9812450963776 W	NA	NA	NA	NA	NA	NA	NA	cDNA	1	0.3
LR116D	LR116	PRJNA693020	River metagenome	NA	River	2017-08-09	Canada:Quebec	52.0589174319258 N 63.8435444580924 W	NA	NA	NA	NA	NA	NA	NA	DNA	1	0.3
LR116R	LR116	PRJNA693020	River metagenome	NA	River	2017-08-09	Canada:Quebec	52.0589174319258 N 63.8435444580924 W	NA	NA	NA	NA	NA	NA	NA	cDNA	1	0.3
LR120D	LR120	PRJNA693020	River metagenome	NA	River	2017-08-12	Canada:Quebec	51.3763394609061 N 63.5729518730552 W	NA	NA	NA	NA	NA	NA	NA	DNA	1	0.3
LR120R	LR120	PRJNA693020	River metagenome	NA	River	2017-08-12	Canada:Quebec	51.3763394609061 N 63.5729518730552 W	NA	NA	NA	NA	NA	NA	NA	cDNA	1	0.3
LR121D	LR121	PRJNA693020	River metagenome	NA	River	2017-08-17	Canada:Quebec	50.3041661760171 N 63.5958847693471 W	NA	NA	NA	NA	NA	NA	NA	DNA	1	0.3
LR121R	LR121	PRJNA693020	River metagenome	NA	River	2017-08-17	Canada:Quebec	50.3041661760171 N 63.5958847693471 W	NA	NA	NA	NA	NA	NA	NA	cDNA	1	0.3
LR122D	LR122	PRJNA693020	River metagenome	NA	River	2017-08-17	Canada:Quebec	50.3156978904738 N 63.4630805649971 W	NA	NA	NA	NA	NA	NA	NA	DNA	1	0.3
LR122R	LR122	PRJNA693020	River metagenome	NA	River	2017-08-17	Canada:Quebec	50.3156978904738 N 63.4630805649971 W	NA	NA	NA	NA	NA	NA	NA	cDNA	1	0.3
LR123D	LR123	PRJNA693020	River metagenome	NA	River	2017-08-18	Canada:Quebec	50.3245 N 63.36677 W	NA	NA	NA	NA	NA	NA	NA	DNA	1	0.3
LR123R	LR123	PRJNA693020	River metagenome	NA	River	2017-08-18	Canada:Quebec	50.3245 N 63.36677 W	NA	NA	NA	NA	NA	NA	NA	cDNA	1	0.3
LR125D	LR125	PRJNA693020	River metagenome	NA	River	2017-08-18	Canada:Quebec	50.38229 N 63.26742 W	NA	NA	NA	NA	NA	NA	NA	DNA	1	0.3
LR125R	LR125	PRJNA693020	River metagenome	NA	River	2017-08-18	Canada:Quebec	50.38229 N 63.26742 W	NA	NA	NA	NA	NA	NA	NA	cDNA	1	0.3
LR126D	LR126	PRJNA693020	River metagenome	NA	River	2017-08-18	Canada:Quebec	50.31345 N 63.77851 W	NA	NA	NA	NA	NA	NA	NA	DNA	1	0.3
LR126R	LR126	PRJNA693020	River metagenome	NA	River	2017-08-18	Canada:Quebec	50.31345 N 63.77851 W	NA	NA	NA	NA	NA	NA	NA	cDNA	1	0.3
LR127D	LR127	PRJNA693020	River metagenome	NA	River	2017-08-18	Canada:Quebec	50.3097 N 63.62239 W	NA	NA	NA	NA	NA	NA	NA	DNA	1	0.3
LR127R	LR127	PRJNA693020	River metagenome	NA	River	2017-08-18	Canada:Quebec	50.3097 N 63.62239 W	NA	NA	NA	NA	NA	NA	NA	cDNA	1	0.3
RO136D	RO136	PRJNA693020	Reservoir metagenome	NA	Reservoir	2017-08-09	Canada:Quebec	50.46383 N 63.2183 W	NA	NA	NA	NA	NA	NA	NA	DNA	1	0.3
RO136R	RO136	PRJNA693020	Reservoir metagenome	NA	Reservoir	2017-08-09	Canada:Quebec	50.46383 N 63.2183 W	NA	NA	NA	NA	NA	NA	NA	cDNA	1	0.3
RO138D	RO138	PRJNA693020	Reservoir metagenome	NA	Reservoir	2017-08-09	Canada:Quebec	50.46229 N 63.23435 W	NA	NA	NA	NA	NA	NA	NA	DNA	1	0.3
RO138R	RO138	PRJNA693020	Reservoir metagenome	NA	Reservoir	2017-08-09	Canada:Quebec	50.46229 N 63.23435 W	NA	NA	NA	NA	NA	NA	NA	cDNA	1	0.3
RO139D	RO139	PRJNA693020	Reservoir metagenome	NA	Reservoir	2017-08-10	Canada:Quebec	50.6268 N 63.18727 W	NA	NA	NA	NA	NA	NA	NA	DNA	1	0.3
RO139R	RO139	PRJNA693020	Reservoir metagenome	NA	Reservoir	2017-08-10	Canada:Quebec	50.6268 N 63.18727 W	NA	NA	NA	NA	NA	NA	NA	cDNA	1	0.3
RO141D	RO141	PRJNA693020	Reservoir metagenome	NA	Reservoir	2017-08-14	Canada:Quebec	50.46284 N 63.23442 W	NA	NA	NA	NA	NA	NA	NA	DNA	1	0.3
RO141R	RO141	PRJNA693020	Reservoir metagenome	NA	Reservoir	2017-08-14	Canada:Quebec	50.46284 N 63.23442 W	NA	NA	NA	NA	NA	NA	NA	cDNA	1	0.3
RO142D	RO142	PRJNA693020	Reservoir metagenome	NA	Reservoir	2017-08-14	Canada:Quebec	50.45214 N 63.23266 W	NA	NA	NA	NA	NA	NA	NA	DNA	1	0.3
RO142R	RO142	PRJNA693020	Reservoir metagenome	NA	Reservoir	2017-08-14	Canada:Quebec	50.45214 N 63.23266 W	NA	NA	NA	NA	NA	NA	NA	cDNA	1	0.3
RO143D	RO143	PRJNA693020	Reservoir metagenome	NA	Reservoir	2017-08-14	Canada:Quebec	50.44199 N 63.22303 W	NA	NA	NA	NA	NA	NA	NA	DNA	1	0.3
RO143R	RO143	PRJNA693020	Reservoir metagenome	NA	Reservoir	2017-08-14	Canada:Quebec	50.44199 N 63.22303 W	NA	NA	NA	NA	NA	NA	NA	cDNA	1	0.3
RO145D	RO145	PRJNA693020	Reservoir metagenome	NA	Reservoir	2017-08-17	Canada:Quebec	50.38969 N 63.24699 W	NA	NA	NA	NA	NA	NA	NA	DNA	1	0.3
RO145R	RO145	PRJNA693020	Reservoir metagenome	NA	Reservoir	2017-08-17	Canada:Quebec	50.38969 N 63.24699 W	NA	NA	NA	NA	NA	NA	NA	cDNA	1	0.3
RO145.Hypo.D	RO145.Hypo	PRJNA693020	Reservoir metagenome	NA	Reservoir	2017-08-17	Canada:Quebec	50.38969 N 63.24699 W	NA	NA	NA	NA	NA	NA	NA	DNA	1	29.3
RO145.Hypo.R	RO145.Hypo	PRJNA693020	Reservoir metagenome	NA	Reservoir	2017-08-17	Canada:Quebec	50.38969 N 63.24699 W	NA	NA	NA	NA	NA	NA	NA	cDNA	1	29.3
RO147D	RO147	PRJNA693020	Reservoir metagenome	NA	Reservoir	2017-08-17	Canada:Quebec	50.42952 N 63.21965 W	NA	NA	NA	NA	NA	NA	NA	DNA	1	0.3
RO147R	RO147	PRJNA693020	Reservoir metagenome	NA	Reservoir	2017-08-17	Canada:Quebec	50.42952 N 63.21965 W	NA	NA	NA	NA	NA	NA	NA	cDNA	1	0.3
RO2100D	RO2100	PRJNA693020	Reservoir metagenome	NA	Reservoir	2017-08-12	Canada:Quebec	50.75975 N 63.21184 W	NA	NA	NA	NA	NA	NA	NA	DNA	1	0.3
RO2100R	RO2100	PRJNA693020	Reservoir metagenome	NA	Reservoir	2017-08-12	Canada:Quebec	50.75975 N 63.21184 W	NA	NA	NA	NA	NA	NA	NA	cDNA	1	0.3
RO2102D	RO2102	PRJNA693020	Reservoir metagenome	NA	Reservoir	2017-08-14	Canada:Quebec	50.9921498694019 N 63.3060437297463 W	NA	NA	NA	NA	NA	NA	NA	DNA	1	0.3
RO2102R	RO2102	PRJNA693020	Reservoir metagenome	NA	Reservoir	2017-08-14	Canada:Quebec	50.9921498694019 N 63.3060437297463 W	NA	NA	NA	NA	NA	NA	NA	cDNA	1	0.3
RO2104D	RO2104	PRJNA693020	Reservoir metagenome	NA	Reservoir	2017-08-14	Canada:Quebec	51.0889757822202 N 63.3955844942646 W	NA	NA	NA	NA	NA	NA	NA	DNA	1	0.3
RO2104R	RO2104	PRJNA693020	Reservoir metagenome	NA	Reservoir	2017-08-14	Canada:Quebec	51.0889757822202 N 63.3955844942646 W	NA	NA	NA	NA	NA	NA	NA	cDNA	1	0.3
RO2108D	RO2108	PRJNA693020	Reservoir metagenome	NA	Reservoir	2017-08-15	Canada:Quebec	50.8987372446898 N 63.2472313117024 W	NA	NA	NA	NA	NA	NA	NA	DNA	1	0.3
RO2108R	RO2108	PRJNA693020	Reservoir metagenome	NA	Reservoir	2017-08-15	Canada:Quebec	50.8987372446898 N 63.2472313117024 W	NA	NA	NA	NA	NA	NA	NA	cDNA	1	0.3
RO2110D	RO2110	PRJNA693020	Reservoir metagenome	NA	Reservoir	2017-08-15	Canada:Quebec	50.8226619704731 N 63.1927175778933 W	NA	NA	NA	NA	NA	NA	NA	DNA	1	0.3
RO2110R	RO2110	PRJNA693020	Reservoir metagenome	NA	Reservoir	2017-08-15	Canada:Quebec	50.8226619704731 N 63.1927175778933 W	NA	NA	NA	NA	NA	NA	NA	cDNA	1	0.3
RO2111D	RO2111	PRJNA693020	Reservoir metagenome	NA	Reservoir	2017-08-15	Canada:Quebec	50.6568 N 63.26298 W	NA	NA	NA	NA	NA	NA	NA	DNA	1	0.3
RO2111R	RO2111	PRJNA693020	Reservoir metagenome	NA	Reservoir	2017-08-15	Canada:Quebec	50.6568 N 63.26298 W	NA	NA	NA	NA	NA	NA	NA	cDNA	1	0.3
RO2111.40m.D	RO2111.40m	PRJNA693020	Reservoir metagenome	NA	Reservoir	2017-08-15	Canada:Quebec	50.6568 N 63.26298 W	NA	NA	NA	NA	NA	NA	NA	DNA	1	40
RO2111.40m.R	RO2111.40m	PRJNA693020	Reservoir metagenome	NA	Reservoir	2017-08-15	Canada:Quebec	50.6568 N 63.26298 W	NA	NA	NA	NA	NA	NA	NA	cDNA	1	40
RO2111.90m.D	RO2111.90m	PRJNA693020	Reservoir metagenome	NA	Reservoir	2017-08-15	Canada:Quebec	50.6568 N 63.26298 W	NA	NA	NA	NA	NA	NA	NA	DNA	1	80
RO2111.90m.R	RO2111.90m	PRJNA693020	Reservoir metagenome	NA	Reservoir	2017-08-15	Canada:Quebec	50.6568 N 63.26298 W	NA	NA	NA	NA	NA	NA	NA	cDNA	1	80
RO2113D	RO2113	PRJNA693020	Reservoir metagenome	NA	Reservoir	2017-08-15	Canada:Quebec	50.7168841284306 N 63.2590529538016 W	NA	NA	NA	NA	NA	NA	NA	DNA	1	0.3
RO2113R	RO2113	PRJNA693020	Reservoir metagenome	NA	Reservoir	2017-08-15	Canada:Quebec	50.7168841284306 N 63.2590529538016 W	NA	NA	NA	NA	NA	NA	NA	cDNA	1	0.3
RO297D	RO297	PRJNA693020	Reservoir metagenome	NA	Reservoir	2017-08-11	Canada:Quebec	50.82479 N 63.17999 W	NA	NA	NA	NA	NA	NA	NA	DNA	1	0.3
RO297R	RO297	PRJNA693020	Reservoir metagenome	NA	Reservoir	2017-08-11	Canada:Quebec	50.82479 N 63.17999 W	NA	NA	NA	NA	NA	NA	NA	cDNA	1	0.3
RO298D	RO298	PRJNA693020	Reservoir metagenome	NA	Reservoir	2017-08-11	Canada:Quebec	50.80039 N 63.20394 W	NA	NA	NA	NA	NA	NA	NA	DNA	1	0.3
RO298R	RO298	PRJNA693020	Reservoir metagenome	NA	Reservoir	2017-08-11	Canada:Quebec	50.80039 N 63.20394 W	NA	NA	NA	NA	NA	NA	NA	cDNA	1	0.3
RO298.7m.D	RO298.7m	PRJNA693020	Reservoir metagenome	NA	Reservoir	2017-08-11	Canada:Quebec	50.80039 N 63.20394 W	NA	NA	NA	NA	NA	NA	NA	DNA	1	7
RO298.7m.R	RO298.7m	PRJNA693020	Reservoir metagenome	NA	Reservoir	2017-08-11	Canada:Quebec	50.80039 N 63.20394 W	NA	NA	NA	NA	NA	NA	NA	cDNA	1	7
RO301D	RO301	PRJNA693020	Reservoir metagenome	NA	Reservoir	2017-08-10	Canada:Quebec	51.3118994887173 N 63.4259373158468 W	NA	NA	NA	NA	NA	NA	NA	DNA	1	0.3
RO301R	RO301	PRJNA693020	Reservoir metagenome	NA	Reservoir	2017-08-10	Canada:Quebec	51.3118994887173 N 63.4259373158468 W	NA	NA	NA	NA	NA	NA	NA	cDNA	1	0.3
RO301.Hypo.D	RO301.Hypo	PRJNA693020	Reservoir metagenome	NA	Reservoir	2017-08-10	Canada:Quebec	51.3118994887173 N 63.4259373158468 W	NA	NA	NA	NA	NA	NA	NA	DNA	1	53.7
RO301.Hypo.R	RO301.Hypo	PRJNA693020	Reservoir metagenome	NA	Reservoir	2017-08-10	Canada:Quebec	51.3118994887173 N 63.4259373158468 W	NA	NA	NA	NA	NA	NA	NA	cDNA	1	53.7
RO304D	RO304	PRJNA693020	Reservoir metagenome	NA	Reservoir	2017-08-10	Canada:Quebec	51.1896697037461 N 63.3588511506079 W	NA	NA	NA	NA	NA	NA	NA	DNA	1	0.3
RO304R	RO304	PRJNA693020	Reservoir metagenome	NA	Reservoir	2017-08-10	Canada:Quebec	51.1896697037461 N 63.3588511506079 W	NA	NA	NA	NA	NA	NA	NA	cDNA	1	0.3
RO307D	RO307	PRJNA693020	Reservoir metagenome	NA	Reservoir	2017-08-11	Canada:Quebec	51.2830197766487 N 63.3743239739394 W	NA	NA	NA	NA	NA	NA	NA	DNA	1	0.3
RO307R	RO307	PRJNA693020	Reservoir metagenome	NA	Reservoir	2017-08-11	Canada:Quebec	51.2830197766487 N 63.3743239739394 W	NA	NA	NA	NA	NA	NA	NA	cDNA	1	0.3
TR56D	TR56	PRJNA693020	Tributary metagenome	NA	Tributary	2017-08-18	Canada:Quebec	50.31016 N 63.66162 W	NA	NA	NA	NA	NA	NA	NA	DNA	1	0.3
TR56R	TR56	PRJNA693020	Tributary metagenome	NA	Tributary	2017-08-18	Canada:Quebec	50.31016 N 63.66162 W	NA	NA	NA	NA	NA	NA	NA	cDNA	1	0.3
L349D	L349	PRJNA693020	Lake metagenome	NA	Lake	2017-10-07	Canada:Quebec	50.98998 N 63.21911 W	NA	NA	NA	NA	NA	NA	NA	DNA	1	0.3
L349R	L349	PRJNA693020	Lake metagenome	NA	Lake	2017-10-07	Canada:Quebec	50.98998 N 63.21911 W	NA	NA	NA	NA	NA	NA	NA	cDNA	1	0.3
LR128D	LR128	PRJNA693020	River metagenome	NA	River	2017-10-04	Canada:Quebec	51.90361 N 63.81292 W	NA	NA	NA	NA	NA	NA	NA	DNA	1	0.3
LR128R	LR128	PRJNA693020	River metagenome	NA	River	2017-10-04	Canada:Quebec	51.90361 N 63.81292 W	NA	NA	NA	NA	NA	NA	NA	cDNA	1	0.3
LR131D	LR131	PRJNA693020	River metagenome	NA	River	2017-10-04	Canada:Quebec	51.37579 N 63.572 W	NA	NA	NA	NA	NA	NA	NA	DNA	1	0.3
LR131R	LR131	PRJNA693020	River metagenome	NA	River	2017-10-04	Canada:Quebec	51.37579 N 63.572 W	NA	NA	NA	NA	NA	NA	NA	cDNA	1	0.3
LR134D	LR134	PRJNA693020	Lake metagenome	NA	Lake	2017-10-05	Canada:Quebec	52.08962 N 63.84148 W	NA	NA	NA	NA	NA	NA	NA	DNA	1	0.3
LR134R	LR134	PRJNA693020	Lake metagenome	NA	Lake	2017-10-05	Canada:Quebec	52.08962 N 63.84148 W	NA	NA	NA	NA	NA	NA	NA	cDNA	1	0.3
LR137D	LR137	PRJNA693020	River metagenome	NA	River	2017-10-06	Canada:Quebec	50.31519 N 63.7739 W	NA	NA	NA	NA	NA	NA	NA	DNA	1	0.3
LR137R	LR137	PRJNA693020	River metagenome	NA	River	2017-10-06	Canada:Quebec	50.31519 N 63.7739 W	NA	NA	NA	NA	NA	NA	NA	cDNA	1	0.3
LR138D	LR138	PRJNA693020	River metagenome	NA	River	2017-10-07	Canada:Quebec	50.32291 N 63.36678 W	NA	NA	NA	NA	NA	NA	NA	DNA	1	0.3
LR138R	LR138	PRJNA693020	River metagenome	NA	River	2017-10-07	Canada:Quebec	50.32291 N 63.36678 W	NA	NA	NA	NA	NA	NA	NA	cDNA	1	0.3
LR139D	LR139	PRJNA693020	River metagenome	NA	River	2017-10-07	Canada:Quebec	50.32779 N 63.2865 W	NA	NA	NA	NA	NA	NA	NA	DNA	1	0.3
LR139R	LR139	PRJNA693020	River metagenome	NA	River	2017-10-07	Canada:Quebec	50.32779 N 63.2865 W	NA	NA	NA	NA	NA	NA	NA	cDNA	1	0.3
LR140D	LR140	PRJNA693020	River metagenome	NA	River	2017-10-07	Canada:Quebec	50.3826 N 63.26749 W	NA	NA	NA	NA	NA	NA	NA	DNA	1	0.3
LR140R	LR140	PRJNA693020	River metagenome	NA	River	2017-10-07	Canada:Quebec	50.3826 N 63.26749 W	NA	NA	NA	NA	NA	NA	NA	cDNA	1	0.3
LR142D	LR142	PRJNA693020	River metagenome	NA	River	2017-10-10	Canada:Quebec	50.30284 N 63.59752 W	NA	NA	NA	NA	NA	NA	NA	DNA	1	0.3
LR142R	LR142	PRJNA693020	River metagenome	NA	River	2017-10-10	Canada:Quebec	50.30284 N 63.59752 W	NA	NA	NA	NA	NA	NA	NA	cDNA	1	0.3
RO149D	RO149	PRJNA693020	Reservoir metagenome	NA	Reservoir	2017-10-05	Canada:Quebec	50.6269 N 63.18731 W	NA	NA	NA	NA	NA	NA	NA	DNA	1	0.3
RO149R	RO149	PRJNA693020	Reservoir metagenome	NA	Reservoir	2017-10-05	Canada:Quebec	50.6269 N 63.18731 W	NA	NA	NA	NA	NA	NA	NA	cDNA	1	0.3
RO151D	RO151	PRJNA693020	Reservoir metagenome	NA	Reservoir	2017-10-05	Canada:Quebec	50.4634 N 63.23511 W	NA	NA	NA	NA	NA	NA	NA	DNA	1	0.3
RO151R	RO151	PRJNA693020	Reservoir metagenome	NA	Reservoir	2017-10-05	Canada:Quebec	50.4634 N 63.23511 W	NA	NA	NA	NA	NA	NA	NA	cDNA	1	0.3
RO152D	RO152	PRJNA693020	Reservoir metagenome	NA	Reservoir	2017-10-08	Canada:Quebec	50.39031 N 63.24513 W	NA	NA	NA	NA	NA	NA	NA	DNA	1	0.3
RO152R	RO152	PRJNA693020	Reservoir metagenome	NA	Reservoir	2017-10-08	Canada:Quebec	50.39031 N 63.24513 W	NA	NA	NA	NA	NA	NA	NA	cDNA	1	0.3
RO152.Hypo.D	RO152.Hypo	PRJNA693020	Reservoir metagenome	NA	Reservoir	2017-10-08	Canada:Quebec	50.39031 N 63.24513 W	NA	NA	NA	NA	NA	NA	NA	DNA	1	20
RO152.Hypo.R	RO152.Hypo	PRJNA693020	Reservoir metagenome	NA	Reservoir	2017-10-08	Canada:Quebec	50.39031 N 63.24513 W	NA	NA	NA	NA	NA	NA	NA	cDNA	1	20
RO154D	RO154	PRJNA693020	Reservoir metagenome	NA	Reservoir	2017-10-08	Canada:Quebec	50.4296 N 63.21942 W	NA	NA	NA	NA	NA	NA	NA	DNA	1	0.3
RO154R	RO154	PRJNA693020	Reservoir metagenome	NA	Reservoir	2017-10-08	Canada:Quebec	50.4296 N 63.21942 W	NA	NA	NA	NA	NA	NA	NA	cDNA	1	0.3
RO156D	RO156	PRJNA693020	Reservoir metagenome	NA	Reservoir	2017-10-12	Canada:Quebec	50.45174 N 63.23296 W	NA	NA	NA	NA	NA	NA	NA	DNA	1	0.3
RO156R	RO156	PRJNA693020	Reservoir metagenome	NA	Reservoir	2017-10-12	Canada:Quebec	50.45174 N 63.23296 W	NA	NA	NA	NA	NA	NA	NA	cDNA	1	0.3
RO157D	RO157	PRJNA693020	Reservoir metagenome	NA	Reservoir	2017-10-12	Canada:Quebec	50.44228 N 63.22325 W	NA	NA	NA	NA	NA	NA	NA	DNA	1	0.3
RO157R	RO157	PRJNA693020	Reservoir metagenome	NA	Reservoir	2017-10-12	Canada:Quebec	50.44228 N 63.22325 W	NA	NA	NA	NA	NA	NA	NA	cDNA	1	0.3
RO159D	RO159	PRJNA693020	Reservoir metagenome	NA	Reservoir	2017-10-12	Canada:Quebec	50.4591 N 63.22037 W	NA	NA	NA	NA	NA	NA	NA	DNA	1	0.3
RO159R	RO159	PRJNA693020	Reservoir metagenome	NA	Reservoir	2017-10-12	Canada:Quebec	50.4591 N 63.22037 W	NA	NA	NA	NA	NA	NA	NA	cDNA	1	0.3
RO2117D	RO2117	PRJNA693020	Reservoir metagenome	NA	Reservoir	2017-10-04	Canada:Quebec	50.85482 N 63.14435 W	NA	NA	NA	NA	NA	NA	NA	DNA	1	0.3
RO2117R	RO2117	PRJNA693020	Reservoir metagenome	NA	Reservoir	2017-10-04	Canada:Quebec	50.85482 N 63.14435 W	NA	NA	NA	NA	NA	NA	NA	cDNA	1	0.3
RO2118D	RO2118	PRJNA693020	Reservoir metagenome	NA	Reservoir	2017-10-04	Canada:Quebec	50.84089 N 63.18458 W	NA	NA	NA	NA	NA	NA	NA	DNA	1	0.3
RO2118R	RO2118	PRJNA693020	Reservoir metagenome	NA	Reservoir	2017-10-04	Canada:Quebec	50.84089 N 63.18458 W	NA	NA	NA	NA	NA	NA	NA	cDNA	1	0.3
RO2119D	RO2119	PRJNA693020	Reservoir metagenome	NA	Reservoir	2017-10-05	Canada:Quebec	51.08891 N 63.39541 W	NA	NA	NA	NA	NA	NA	NA	DNA	1	0.3
RO2119R	RO2119	PRJNA693020	Reservoir metagenome	NA	Reservoir	2017-10-05	Canada:Quebec	51.08891 N 63.39541 W	NA	NA	NA	NA	NA	NA	NA	cDNA	1	0.3
RO2120D	RO2120	PRJNA693020	Reservoir metagenome	NA	Reservoir	2017-10-09	Canada:Quebec	50.73878 N 63.2341 W	NA	NA	NA	NA	NA	NA	NA	DNA	1	0.3
RO2120R	RO2120	PRJNA693020	Reservoir metagenome	NA	Reservoir	2017-10-09	Canada:Quebec	50.73878 N 63.2341 W	NA	NA	NA	NA	NA	NA	NA	cDNA	1	0.3
RO2122D	RO2122	PRJNA693020	Reservoir metagenome	NA	Reservoir	2017-10-09	Canada:Quebec	50.71616 N 63.25925 W	NA	NA	NA	NA	NA	NA	NA	DNA	1	0.3
RO2122R	RO2122	PRJNA693020	Reservoir metagenome	NA	Reservoir	2017-10-09	Canada:Quebec	50.71616 N 63.25925 W	NA	NA	NA	NA	NA	NA	NA	cDNA	1	0.3
RO2124D	RO2124	PRJNA693020	Reservoir metagenome	NA	Reservoir	2017-10-10	Canada:Quebec	50.65741 N 63.26254 W	NA	NA	NA	NA	NA	NA	NA	DNA	1	0.3
RO2124R	RO2124	PRJNA693020	Reservoir metagenome	NA	Reservoir	2017-10-10	Canada:Quebec	50.65741 N 63.26254 W	NA	NA	NA	NA	NA	NA	NA	cDNA	1	0.3
RO2124.Hypo.D	RO2124.Hypo	PRJNA693020	Reservoir metagenome	NA	Reservoir	2017-10-10	Canada:Quebec	50.65741 N 63.26254 W	NA	NA	NA	NA	NA	NA	NA	DNA	1	80
RO2124.Hypo.R	RO2124.Hypo	PRJNA693020	Reservoir metagenome	NA	Reservoir	2017-10-10	Canada:Quebec	50.65741 N 63.26254 W	NA	NA	NA	NA	NA	NA	NA	cDNA	1	80
RO2126D	RO2126	PRJNA693020	Reservoir metagenome	NA	Reservoir	2017-10-10	Canada:Quebec	50.80048 N 63.20448 W	NA	NA	NA	NA	NA	NA	NA	DNA	1	0.3
RO2126R	RO2126	PRJNA693020	Reservoir metagenome	NA	Reservoir	2017-10-10	Canada:Quebec	50.80048 N 63.20448 W	NA	NA	NA	NA	NA	NA	NA	cDNA	1	0.3
RO2126.9m.D	RO2126.9m	PRJNA693020	Reservoir metagenome	NA	Reservoir	2017-10-10	Canada:Quebec	50.80048 N 63.20448 W	NA	NA	NA	NA	NA	NA	NA	DNA	1	9
RO2126.9m.R	RO2126.9m	PRJNA693020	Reservoir metagenome	NA	Reservoir	2017-10-10	Canada:Quebec	50.80048 N 63.20448 W	NA	NA	NA	NA	NA	NA	NA	cDNA	1	9
RO2126.Hypo.D	RO2126.Hypo	PRJNA693020	Reservoir metagenome	NA	Reservoir	2017-10-10	Canada:Quebec	50.80048 N 63.20448 W	NA	NA	NA	NA	NA	NA	NA	DNA	1	15.3
RO2126.Hypo.R	RO2126.Hypo	PRJNA693020	Reservoir metagenome	NA	Reservoir	2017-10-10	Canada:Quebec	50.80048 N 63.20448 W	NA	NA	NA	NA	NA	NA	NA	cDNA	1	15.3
RO2132D	RO2132	PRJNA693020	Reservoir metagenome	NA	Reservoir	2017-10-10	Canada:Quebec	50.90195 N 63.25593 W	NA	NA	NA	NA	NA	NA	NA	DNA	1	0.3
RO2132R	RO2132	PRJNA693020	Reservoir metagenome	NA	Reservoir	2017-10-10	Canada:Quebec	50.90195 N 63.25593 W	NA	NA	NA	NA	NA	NA	NA	cDNA	1	0.3
RO312D	RO312	PRJNA693020	Reservoir metagenome	NA	Reservoir	2017-10-06	Canada:Quebec	51.32493 N 63.46063 W	NA	NA	NA	NA	NA	NA	NA	DNA	1	0.3
RO312R	RO312	PRJNA693020	Reservoir metagenome	NA	Reservoir	2017-10-06	Canada:Quebec	51.32493 N 63.46063 W	NA	NA	NA	NA	NA	NA	NA	cDNA	1	0.3
RO316D	RO316	PRJNA693020	Reservoir metagenome	NA	Reservoir	2017-10-06	Canada:Quebec	51.26332 N 63.3294 W	NA	NA	NA	NA	NA	NA	NA	DNA	1	0.3
RO316R	RO316	PRJNA693020	Reservoir metagenome	NA	Reservoir	2017-10-06	Canada:Quebec	51.26332 N 63.3294 W	NA	NA	NA	NA	NA	NA	NA	cDNA	1	0.3
RO317D	RO317	PRJNA693020	Reservoir metagenome	NA	Reservoir	2017-10-07	Canada:Quebec	51.14686 N 63.40013 W	NA	NA	NA	NA	NA	NA	NA	DNA	1	0.3
RO317R	RO317	PRJNA693020	Reservoir metagenome	NA	Reservoir	2017-10-07	Canada:Quebec	51.14686 N 63.40013 W	NA	NA	NA	NA	NA	NA	NA	cDNA	1	0.3
RO318D	RO318	PRJNA693020	Reservoir metagenome	NA	Reservoir	2017-10-09	Canada:Quebec	51.143162 N 63.40057 W	NA	NA	NA	NA	NA	NA	NA	DNA	1	0.3
RO318R	RO318	PRJNA693020	Reservoir metagenome	NA	Reservoir	2017-10-09	Canada:Quebec	51.143162 N 63.40057 W	NA	NA	NA	NA	NA	NA	NA	cDNA	1	0.3
RO318.Hypo.D	RO318.Hypo	PRJNA693020	Reservoir metagenome	NA	Reservoir	2017-10-09	Canada:Quebec	51.143681 N 63.39917 W	NA	NA	NA	NA	NA	NA	NA	DNA	1	40
RO318.Hypo.R	RO318.Hypo	PRJNA693020	Reservoir metagenome	NA	Reservoir	2017-10-09	Canada:Quebec	51.143681 N 63.39917 W	NA	NA	NA	NA	NA	NA	NA	cDNA	1	40
TR57D	TR57	PRJNA693020	Tributary metagenome	NA	Tributary	2017-10-06	Canada:Quebec	50.31023 N 63.66136 W	NA	NA	NA	NA	NA	NA	NA	DNA	1	0.3
TR57R	TR57	PRJNA693020	Tributary metagenome	NA	Tributary	2017-10-06	Canada:Quebec	50.31023 N 63.66136 W	NA	NA	NA	NA	NA	NA	NA	cDNA	1	0.3
S33R	S33	PRJNA693020	Soil metagenome	NA	Soil	2016-08-04	Canada:Quebec	51.36618 N 63.87583 W	NA	NA	NA	NA	NA	NA	NA	cDNA	1	NA
S33D	S33	PRJNA693020	Soil metagenome	NA	Soil	2016-08-04	Canada:Quebec	51.36618 N 63.87583 W	NA	NA	NA	NA	NA	NA	NA	DNA	1	NA
S34R	S34	PRJNA693020	Soil metagenome	NA	Soil	2016-08-04	Canada:Quebec	51.36654 N 63.87719 W	NA	NA	NA	NA	NA	NA	NA	cDNA	1	NA
S34D	S34	PRJNA693020	Soil metagenome	NA	Soil	2016-08-04	Canada:Quebec	51.36654 N 63.87719 W	NA	NA	NA	NA	NA	NA	NA	DNA	1	NA
S35R	S35	PRJNA693020	Soil metagenome	NA	Soil	2016-08-05	Canada:Quebec	51.21284 N 63.92261 W	NA	NA	NA	NA	NA	NA	NA	cDNA	1	NA
S35D	S35	PRJNA693020	Soil metagenome	NA	Soil	2016-08-05	Canada:Quebec	51.21284 N 63.92261 W	NA	NA	NA	NA	NA	NA	NA	DNA	1	NA
S36R	S36	PRJNA693020	Soil metagenome	NA	Soil	2016-08-05	Canada:Quebec	51.2095 N 63.92092 W	NA	NA	NA	NA	NA	NA	NA	cDNA	1	NA
S36D	S36	PRJNA693020	Soil metagenome	NA	Soil	2016-08-05	Canada:Quebec	51.2095 N 63.92092 W	NA	NA	NA	NA	NA	NA	NA	DNA	1	NA
S37R	S37	PRJNA693020	Soil metagenome	NA	Soil	2016-08-07	Canada:Quebec	51.20212 N 63.9233 W	NA	NA	NA	NA	NA	NA	NA	cDNA	1	NA
S37D	S37	PRJNA693020	Soil metagenome	NA	Soil	2016-08-07	Canada:Quebec	51.20212 N 63.9233 W	NA	NA	NA	NA	NA	NA	NA	DNA	1	NA
S39R	S39	PRJNA693020	Soil metagenome	NA	Soil	2016-08-07	Canada:Quebec	51.18631 N 63.93174 W	NA	NA	NA	NA	NA	NA	NA	cDNA	1	NA
S39D	S39	PRJNA693020	Soil metagenome	NA	Soil	2016-08-07	Canada:Quebec	51.18631 N 63.93174 W	NA	NA	NA	NA	NA	NA	NA	DNA	1	NA
S40R	S40	PRJNA693020	Soil metagenome	NA	Soil	2016-08-09	Canada:Quebec	51.303572 N 63.869197 W	NA	NA	NA	NA	NA	NA	NA	cDNA	1	NA
S40D	S40	PRJNA693020	Soil metagenome	NA	Soil	2016-08-09	Canada:Quebec	51.303572 N 63.869197 W	NA	NA	NA	NA	NA	NA	NA	DNA	1	NA
S42R	S42	PRJNA693020	Soil metagenome	NA	Soil	2016-08-10	Canada:Quebec	51.30536 N 63.8649 W	NA	NA	NA	NA	NA	NA	NA	cDNA	1	NA
S42D	S42	PRJNA693020	Soil metagenome	NA	Soil	2016-08-10	Canada:Quebec	51.30536 N 63.8649 W	NA	NA	NA	NA	NA	NA	NA	DNA	1	NA
SEDL313-s2-D	SEDL313	PRJNA693020	Sediment metagenome	NA	Sediment	2015-06-16	Canada:Quebec	51.18194 N 63.92686 W	NA	NA	NA	NA	NA	NA	NA	DNA	2	NA
SEDL314-s2-D	SEDL314	PRJNA693020	Sediment metagenome	NA	Sediment	2015-06-17	Canada:Quebec	51.17814 N 63.92364 W	NA	NA	NA	NA	NA	NA	NA	DNA	2	NA
SED315-s2-D	SED315	PRJNA693020	Sediment metagenome	NA	Sediment	2015-06-17	Canada:Quebec	51.18145 N 63.89828 W	NA	NA	NA	NA	NA	NA	NA	DNA	2	NA
SED316-s2-D	SED316	PRJNA693020	Sediment metagenome	NA	Sediment	2015-06-17	Canada:Quebec	51.18873 N 63.90278 W	NA	NA	NA	NA	NA	NA	NA	DNA	2	NA
SED317-s2-D	SED317	PRJNA693020	Sediment metagenome	NA	Sediment	2015-06-17	Canada:Quebec	51.18144 N 63.92325 W	NA	NA	NA	NA	NA	NA	NA	DNA	2	NA
SED318-s2-D	SED318	PRJNA693020	Sediment metagenome	NA	Sediment	2015-06-17	Canada:Quebec	50.22601 N 63.91127 W	NA	NA	NA	NA	NA	NA	NA	DNA	2	NA
SED319-s2-D	SED319	PRJNA693020	Sediment metagenome	NA	Sediment	2015-06-17	Canada:Quebec	50.21503 N 63.89979 W	NA	NA	NA	NA	NA	NA	NA	DNA	2	NA
SEDLR10-s2-D	SEDLR10	PRJNA693020	Sediment metagenome	NA	Sediment	2015-06-14	Canada:Quebec	52.27356 N 63.77532 W	NA	NA	NA	NA	NA	NA	NA	DNA	2	NA
SEDLR12-s2-D	SEDLR12	PRJNA693020	Sediment metagenome	NA	Sediment	2015-06-14	Canada:Quebec	52.35785 N 64.00396 W	NA	NA	NA	NA	NA	NA	NA	DNA	2	NA
SEDLR14-s2-D	SEDLR14	PRJNA693020	Sediment metagenome	NA	Sediment	2015-06-14	Canada:Quebec	52.09031 N 63.83427 W	NA	NA	NA	NA	NA	NA	NA	DNA	2	NA
SEDL323D	SEDL323	PRJNA693020	Sediment metagenome	NA	Sediment	2015-08-07	Canada:Quebec	51.18145 N 63.92259 W	NA	NA	NA	NA	NA	NA	NA	DNA	1	NA
SEDL324D	SEDL324	PRJNA693020	Sediment metagenome	NA	Sediment	2015-08-07	Canada:Quebec	51.18139 N 63.89829 W	NA	NA	NA	NA	NA	NA	NA	DNA	1	NA
SEDL325D	SEDL325	PRJNA693020	Sediment metagenome	NA	Sediment	2015-08-07	Canada:Quebec	51.17887 N 63.92581 W	NA	NA	NA	NA	NA	NA	NA	DNA	1	NA
SEDL326D	SEDL326	PRJNA693020	Sediment metagenome	NA	Sediment	2015-08-07	Canada:Quebec	51.18167 N 63.92587 W	NA	NA	NA	NA	NA	NA	NA	DNA	1	NA
SEDL327D	SEDL327	PRJNA693020	Sediment metagenome	NA	Sediment	2015-08-07	Canada:Quebec	51.18924 N 63.90315 W	NA	NA	NA	NA	NA	NA	NA	DNA	1	NA
SEDLR35D	SEDLR35	PRJNA693020	Sediment metagenome	NA	Sediment	2015-08-09	Canada:Quebec	52.35411 N 63.99541 W	NA	NA	NA	NA	NA	NA	NA	DNA	1	NA
SEDLR36D	SEDLR36	PRJNA693020	Sediment metagenome	NA	Sediment	2015-08-09	Canada:Quebec	52.23624 N 63.77818 W	NA	NA	NA	NA	NA	NA	NA	DNA	1	NA
SEDLR39D	SEDLR39	PRJNA693020	Sediment metagenome	NA	Sediment	2015-08-09	Canada:Quebec	52.08602 N 63.83853 W	NA	NA	NA	NA	NA	NA	NA	DNA	1	NA
L330CM1R	L330CM1	PRJNA693020	Sediment metagenome	NA	Sediment	2016-08-05	Canada:Quebec	51.18157 N 63.92587 W	NA	NA	NA	NA	NA	NA	NA	cDNA	1	NA
L330CM2R	L330CM2	PRJNA693020	Sediment metagenome	NA	Sediment	2016-08-05	Canada:Quebec	51.18157 N 63.92587 W	NA	NA	NA	NA	NA	NA	NA	cDNA	2	NA
L330CM2D	L330CM2	PRJNA693020	Sediment metagenome	NA	Sediment	2016-08-05	Canada:Quebec	51.18157 N 63.92587 W	NA	NA	NA	NA	NA	NA	NA	DNA	2	NA
L330CM3D	L330CM3	PRJNA693020	Sediment metagenome	NA	Sediment	2016-08-05	Canada:Quebec	51.18157 N 63.92587 W	NA	NA	NA	NA	NA	NA	NA	DNA	3	NA
L331SR	L331S	PRJNA693020	Sediment metagenome	NA	Sediment	2016-08-05	Canada:Quebec	51.18164 N 63.92405 W	NA	NA	NA	NA	NA	NA	NA	cDNA	1	NA
L331SD	L331S	PRJNA693020	Sediment metagenome	NA	Sediment	2016-08-05	Canada:Quebec	51.18164 N 63.92405 W	NA	NA	NA	NA	NA	NA	NA	DNA	1	NA
L332SR	L332S	PRJNA693020	Sediment metagenome	NA	Sediment	2016-08-11	Canada:Quebec	51.18935 N 63.90314 W	NA	NA	NA	NA	NA	NA	NA	cDNA	1	NA
L332SD	L332S	PRJNA693020	Sediment metagenome	NA	Sediment	2016-08-11	Canada:Quebec	51.18935 N 63.90314 W	NA	NA	NA	NA	NA	NA	NA	DNA	1	NA
