"seq_name","dr_match_name","replicate","dna_type","seq_depth","plate.id","year","season","sampling.date","lat","long","sample.type.year"
"L313D","L313",1,"DNA","Shallow",1,2015,"Spring","2015-06-16",51.18194,-63.92686,"PRLake"
"L313-s2-D","L313",2,"DNA","Shallow",1,2015,"Spring","2015-06-16",51.18194,-63.92686,"PRLake"
"L314D","L314",1,"DNA","Shallow",1,2015,"Spring","2015-06-17",51.17814,-63.92364,"PRLake"
"L314-s2-D","L314",2,"DNA","Shallow",1,2015,"Spring","2015-06-17",51.17814,-63.92364,"PRLake"
"L315D","L315",1,"DNA","Shallow",1,2015,"Spring","2015-06-17",51.18145,-63.89828,"PRLake"
"L315-s2-D","L315",2,"DNA","Shallow",1,2015,"Spring","2015-06-17",51.18145,-63.89828,"PRLake"
"L316D","L316",1,"DNA","Shallow",1,2015,"Spring","2015-06-17",51.18873,-63.90278,"PRLake"
"L316-s2-D","L316",2,"DNA","Shallow",1,2015,"Spring","2015-06-17",51.18873,-63.90278,"PRLake"
"L317D","L317",1,"DNA","Shallow",1,2015,"Spring","2015-06-17",51.18144,-63.92325,"PRLake"
"L317-s2-D","L317",2,"DNA","Shallow",1,2015,"Spring","2015-06-17",51.18144,-63.92325,"PRLake"
"L318D","L318",1,"DNA","Shallow",1,2015,"Spring","2015-06-17",50.22601,-63.91127,"IslandLake"
"L318-s2-D","L318",2,"DNA","Shallow",1,2015,"Spring","2015-06-17",50.22601,-63.91127,"IslandLake"
"L319D","L319",1,"DNA","Shallow",1,2015,"Spring","2015-06-17",50.21503,-63.89979,"IslandLake"
"L319-s2-D","L319",2,"DNA","Shallow",1,2015,"Spring","2015-06-17",50.21503,-63.89979,"IslandLake"
"L320D","L320",1,"DNA","Shallow",1,2015,"Spring","2015-06-17",50.21899,-63.82191,"IslandLake"
"L320-s2-D","L320",2,"DNA","Shallow",1,2015,"Spring","2015-06-17",50.21899,-63.82191,"IslandLake"
"LR01D","LR01",1,"DNA","Shallow",1,2015,"Spring","2015-06-07",50.3808166666667,-63.2654833333333,"Downriver"
"LR01-s2-D","LR01",2,"DNA","Shallow",1,2015,"Spring","2015-06-07",50.3808166666667,-63.2654833333333,"Downriver"
"LR03D","LR03",1,"DNA","Shallow",1,2015,"Spring","2015-06-08",50.6206,-63.17048,"Downriver"
"LR03-s2-D","LR03",2,"DNA","Shallow",1,2015,"Spring","2015-06-08",50.6206,-63.17048,"Downriver"
"LR05D","LR05",1,"DNA","Shallow",1,2015,"Spring","2015-06-09",50.53663,-63.22217,"Downriver"
"LR05-s2-D","LR05",2,"DNA","Shallow",1,2015,"Spring","2015-06-09",50.53663,-63.22217,"Downriver"
"LR06D","LR06",1,"DNA","Shallow",1,2015,"Spring","2015-06-10",50.31046,-63.6461,"Downriver"
"LR06-s2-D","LR06",2,"DNA","Shallow",1,2015,"Spring","2015-06-10",50.31046,-63.6461,"Downriver"
"LR09D","LR09",1,"DNA","Shallow",1,2015,"Spring","2015-06-11",51.15221,-63.39813,"Upriver"
"LR09-s2-D","LR09",2,"DNA","Shallow",1,2015,"Spring","2015-06-11",51.15221,-63.39813,"Upriver"
"LR10D","LR10",1,"DNA","Shallow",1,2015,"Spring","2015-06-14",52.27356,-63.77532,"HeadwaterLakes"
"LR10-s2-D","LR10",2,"DNA","Shallow",1,2015,"Spring","2015-06-14",52.27356,-63.77532,"HeadwaterLakes"
"LR12D","LR12",1,"DNA","Shallow",1,2015,"Spring","2015-06-14",52.35785,-64.00396,"HeadwaterLakes"
"LR12-s2-D","LR12",2,"DNA","Shallow",1,2015,"Spring","2015-06-14",52.35785,-64.00396,"HeadwaterLakes"
"LR13D","LR13",1,"DNA","Shallow",1,2015,"Spring","2015-06-14",52.05514,-63.69982,"HeadwaterLakes"
"LR13-s2-D","LR13",2,"DNA","Shallow",1,2015,"Spring","2015-06-14",52.05514,-63.69982,"HeadwaterLakes"
"LR14D","LR14",1,"DNA","Shallow",1,2015,"Spring","2015-06-14",52.09031,-63.83427,"HeadwaterLakes"
"LR14-s2-D","LR14",2,"DNA","Shallow",1,2015,"Spring","2015-06-14",52.09031,-63.83427,"HeadwaterLakes"
"LR15D","LR15",1,"DNA","Shallow",1,2015,"Spring","2015-06-15",52.0642,-63.84167,"Upriver"
"LR15-s2-D","LR15",2,"DNA","Shallow",1,2015,"Spring","2015-06-15",52.0642,-63.84167,"Upriver"
"LR17D","LR17",1,"DNA","Shallow",1,2015,"Spring","2015-06-15",51.78004,-63.7155,"Upriver"
"LR17-s2-D","LR17",2,"DNA","Shallow",1,2015,"Spring","2015-06-15",51.78004,-63.7155,"Upriver"
"LR18DSeq","LR18",1,"DNA","Deep",2,2015,"Spring","2015-06-16",50.31445,-63.54765,"Downriver"
"LR18D","LR18",1,"DNA","Shallow",1,2015,"Spring","2015-06-16",50.31445,-63.54765,"Downriver"
"LR18-s2-D","LR18",2,"DNA","Shallow",1,2015,"Spring","2015-06-16",50.31445,-63.54765,"Downriver"
"LR18-s2-DSeq","LR18",2,"DNA","Deep",2,2015,"Spring","2015-06-16",50.31445,-63.54765,"Downriver"
"LR19D","LR19",1,"DNA","Shallow",1,2015,"Spring","2015-06-16",51.70176,-63.72171,"Upriver"
"LR19-s2-D","LR19",2,"DNA","Shallow",1,2015,"Spring","2015-06-16",51.70176,-63.72171,"Upriver"
"LR20D","LR20",1,"DNA","Shallow",1,2015,"Spring","2015-06-16",51.38239,-63.5853,"Upriver"
"LR20-s2-D","LR20",2,"DNA","Shallow",1,2015,"Spring","2015-06-16",51.38239,-63.5853,"Upriver"
"LRH04D","LRH04",1,"DNA","Shallow",1,2015,"Spring","2015-06-12",50.31684,-63.30894,"Downriver"
"LRH04-s2-D","LRH04",2,"DNA","Shallow",1,2015,"Spring","2015-06-12",50.31684,-63.30894,"Downriver"
"LRH07D","LRH07",1,"DNA","Shallow",1,2015,"Spring","2015-06-12",50.30083,-63.81233,"Downriver"
"LRH07-s2-D","LRH07",2,"DNA","Shallow",1,2015,"Spring","2015-06-12",50.30083,-63.81233,"Downriver"
"LRH08D","LRH08",1,"DNA","Shallow",1,2015,"Spring","2015-06-12",50.30064,-63.81285,"Downriver"
"LRH08-s2-D","LRH08",2,"DNA","Shallow",1,2015,"Spring","2015-06-12",50.30064,-63.81285,"Downriver"
"LRH09D","LRH09",1,"DNA","Shallow",1,2015,"Spring","2015-06-12",50.29303,-63.811132,"Downriver"
"LRH09-s2-D","LRH09",2,"DNA","Shallow",1,2015,"Spring","2015-06-12",50.29303,-63.811132,"Downriver"
"LRH10D","LRH10",1,"DNA","Shallow",1,2015,"Spring","2015-06-12",50.29588,-63.804823,"Downriver"
"LRH10-s2-D","LRH10",2,"DNA","Shallow",1,2015,"Spring","2015-06-12",50.29588,-63.804823,"Downriver"
"M01D","M01",1,"DNA","Shallow",1,2015,"Spring","2015-06-18",50.28242,-63.86163,"Marine"
"M01-s2-D","M01",2,"DNA","Shallow",1,2015,"Spring","2015-06-18",50.28242,-63.86163,"Marine"
"M02D","M02",1,"DNA","Shallow",1,2015,"Spring","2015-06-18",50.27224,-63.85679,"Marine"
"M02-s2-D","M02",2,"DNA","Shallow",1,2015,"Spring","2015-06-18",50.27224,-63.85679,"Marine"
"M03D","M03",1,"DNA","Shallow",1,2015,"Spring","2015-06-18",50.2566,-63.8327,"Marine"
"M03-s2-D","M03",2,"DNA","Shallow",1,2015,"Spring","2015-06-18",50.2566,-63.8327,"Marine"
"M04D","M04",1,"DNA","Shallow",1,2015,"Spring","2015-06-18",50.24688,-63.78448,"Marine"
"M04-s2-D","M04",2,"DNA","Shallow",1,2015,"Spring","2015-06-18",50.24688,-63.78448,"Marine"
"M05D","M05",1,"DNA","Shallow",1,2015,"Spring","2015-06-18",50.24012,-63.7585,"Marine"
"M05-s2-D","M05",2,"DNA","Shallow",1,2015,"Spring","2015-06-18",50.24012,-63.7585,"Marine"
"M06D","M06",1,"DNA","Shallow",1,2015,"Spring","2015-06-18",50.23954,-63.72033,"Marine"
"M06-s2-D","M06",2,"DNA","Shallow",1,2015,"Spring","2015-06-18",50.23954,-63.72033,"Marine"
"M07D","M07",1,"DNA","Shallow",1,2015,"Spring","2015-06-18",50.21693,-63.70586,"Marine"
"M07-s2-D","M07",2,"DNA","Shallow",1,2015,"Spring","2015-06-18",50.21693,-63.70586,"Marine"
"M08DSeq","M08",1,"DNA","Deep",2,2015,"Spring","2015-06-18",50.18846,-63.69431,"Marine"
"M08D","M08",1,"DNA","Shallow",1,2015,"Spring","2015-06-18",50.18846,-63.69431,"Marine"
"M08-s2-D","M08",2,"DNA","Shallow",1,2015,"Spring","2015-06-18",50.18846,-63.69431,"Marine"
"M08-s2-DSeq","M08",2,"DNA","Deep",2,2015,"Spring","2015-06-18",50.18846,-63.69431,"Marine"
"PR01D","PR01",1,"DNA","Shallow",1,2015,"Spring","2015-06-07",51.368157,-63.876955,"Stream"
"PR01-s2-D","PR01",2,"DNA","Shallow",1,2015,"Spring","2015-06-07",51.368157,-63.876955,"Stream"
"PR03DSeq","PR03",1,"DNA","Deep",2,2015,"Spring","2015-06-08",51.21028,-63.92063,"Stream"
"PR03D","PR03",1,"DNA","Shallow",1,2015,"Spring","2015-06-08",51.21028,-63.92063,"Stream"
"PR03-s2-D","PR03",2,"DNA","Shallow",1,2015,"Spring","2015-06-08",51.21028,-63.92063,"Stream"
"PR03-s2-DSeq","PR03",2,"DNA","Deep",2,2015,"Spring","2015-06-08",51.21028,-63.92063,"Stream"
"PR05D","PR05",1,"DNA","Shallow",1,2015,"Spring","2015-06-13",51.20287,-63.92476,"Stream"
"PR05-s2-D","PR05",2,"DNA","Shallow",1,2015,"Spring","2015-06-13",51.20287,-63.92476,"Stream"
"PR07D","PR07",1,"DNA","Shallow",1,2015,"Spring","2015-06-13",51.1863,-63.9319,"Stream"
"PR07-s2-D","PR07",2,"DNA","Shallow",1,2015,"Spring","2015-06-13",51.1863,-63.9319,"Stream"
"PR09D","PR09",1,"DNA","Shallow",1,2015,"Spring","2015-06-14",51.30254,-63.87091,"Stream"
"PR09-s2-D","PR09",2,"DNA","Shallow",1,2015,"Spring","2015-06-14",51.30254,-63.87091,"Stream"
"PR11D","PR11",1,"DNA","Shallow",1,2015,"Spring","2015-06-15",51.3055,-63.86446,"Stream"
"PR11-s2-D","PR11",2,"DNA","Shallow",1,2015,"Spring","2015-06-15",51.3055,-63.86446,"Stream"
"RO201D","RO201",1,"DNA","Shallow",1,2015,"Spring","2015-06-10",50.65452,-63.26094,"RO2"
"RO201-s2-D","RO201",2,"DNA","Shallow",1,2015,"Spring","2015-06-10",50.65452,-63.26094,"RO2"
"RO203D","RO203",1,"DNA","Shallow",1,2015,"Spring","2015-06-11",50.85649,-63.14495,"RO2"
"RO203-s2-D","RO203",2,"DNA","Shallow",1,2015,"Spring","2015-06-11",50.85649,-63.14495,"RO2"
"RO205D","RO205",1,"DNA","Shallow",1,2015,"Spring","2015-06-13",50.88609,-63.22355,"RO2"
"RO205-s2-D","RO205",2,"DNA","Shallow",1,2015,"Spring","2015-06-13",50.88609,-63.22355,"RO2"
"RO206D","RO206",1,"DNA","Shallow",1,2015,"Spring","2015-06-13",51.05861,-63.19688,"RO2"
"RO206-s2-D","RO206",2,"DNA","Shallow",1,2015,"Spring","2015-06-13",51.05861,-63.19688,"RO2"
"RO207D","RO207",1,"DNA","Shallow",1,2015,"Spring","2015-06-13",51.03348,-63.29688,"RO2"
"RO207-s2-D","RO207",2,"DNA","Shallow",1,2015,"Spring","2015-06-13",51.03348,-63.29688,"RO2"
"RO208D","RO208",1,"DNA","Shallow",1,2015,"Spring","2015-06-13",51.0619,-63.35868,"RO2"
"RO208-s2-D","RO208",2,"DNA","Shallow",1,2015,"Spring","2015-06-13",51.0619,-63.35868,"RO2"
"RO209D","RO209",1,"DNA","Shallow",1,2015,"Spring","2015-06-13",50.93158,-63.35123,"RO2"
"RO209-s2-D","RO209",2,"DNA","Shallow",1,2015,"Spring","2015-06-13",50.93158,-63.35123,"RO2"
"RO213D","RO213",1,"DNA","Shallow",1,2015,"Spring","2015-06-17",50.965944,-63.296111,"RO2"
"RO213-s2-D","RO213",2,"DNA","Shallow",1,2015,"Spring","2015-06-17",50.965944,-63.296111,"RO2"
"SLR01D","SLR01",1,"DNA","Shallow",1,2015,"Spring","2015-06-09",50.55314,-63.21136,"Downriver"
"SLR01-s2-D","SLR01",2,"DNA","Shallow",1,2015,"Spring","2015-06-09",50.55314,-63.21136,"Downriver"
"SLR02D","SLR02",1,"DNA","Shallow",1,2015,"Spring","2015-06-09",50.43434,-63.25355,"Downriver"
"SLR02-s2-D","SLR02",2,"DNA","Shallow",1,2015,"Spring","2015-06-09",50.43434,-63.25355,"Downriver"
"SLR04D","SLR04",1,"DNA","Shallow",1,2015,"Spring","2015-06-15",50.3795,-63.26425,"Downriver"
"SLR04-s2-D","SLR04",2,"DNA","Shallow",1,2015,"Spring","2015-06-15",50.3795,-63.26425,"Downriver"
"SPR01D","SPR01",1,"DNA","Shallow",1,2015,"Spring","2015-06-07",51.368157,-63.876955,"Soil"
"SPR01-s2-D","SPR01",2,"DNA","Shallow",1,2015,"Spring","2015-06-07",51.368157,-63.876955,"Soil"
"SPR02D","SPR02",1,"DNA","Shallow",1,2015,"Spring","2015-06-08",51.21028,-63.92063,"Soil"
"SPR02-s2-D","SPR02",2,"DNA","Shallow",1,2015,"Spring","2015-06-08",51.21028,-63.92063,"Soil"
"SPR03D","SPR03",1,"DNA","Shallow",1,2015,"Spring","2015-06-13",51.20287,-63.92476,"Soil"
"SPR03-s2-D","SPR03",2,"DNA","Shallow",1,2015,"Spring","2015-06-13",51.20287,-63.92476,"Soil"
"SPR05D","SPR05",1,"DNA","Shallow",1,2015,"Spring","2015-06-14",51.303572,-63.869197,"Soil"
"SPR05-s2-D","SPR05",2,"DNA","Shallow",1,2015,"Spring","2015-06-14",51.303572,-63.869197,"Soil"
"SPR06D","SPR06",1,"DNA","Shallow",1,2015,"Spring","2015-06-16",51.30408,-63.85239,"Soil"
"SPR06-s2-D","SPR06",2,"DNA","Shallow",1,2015,"Spring","2015-06-16",51.30408,-63.85239,"Soil"
"SPR07D","SPR07",1,"DNA","Shallow",1,2015,"Spring","2015-06-17",51.17814,-63.92364,"Soil"
"SPR07-s2-D","SPR07",2,"DNA","Shallow",1,2015,"Spring","2015-06-17",51.17814,-63.92364,"Soil"
"SPR08D","SPR08",1,"DNA","Shallow",1,2015,"Spring","2015-06-17",51.18873,-63.90278,"Soil"
"SPR08-s2-D","SPR08",2,"DNA","Shallow",1,2015,"Spring","2015-06-17",51.18873,-63.90278,"Soil"
"SPR09D","SPR09",1,"DNA","Shallow",1,2015,"Spring","2015-06-17",51.18144,-63.92325,"Soil"
"SPR09-s2-D","SPR09",2,"DNA","Shallow",1,2015,"Spring","2015-06-17",51.18144,-63.92325,"Soil"
"SPR10D","SPR10",1,"DNA","Shallow",1,2015,"Spring","2015-06-17",50.22601,-63.91127,"Soil"
"SPR10-s2-D","SPR10",2,"DNA","Shallow",1,2015,"Spring","2015-06-17",50.22601,-63.91127,"Soil"
"SPR04D","SPR04",1,"DNA","Shallow",1,2015,"Spring","2015-06-13",51.1863,-63.9319,"Soil"
"SPR04-s2-D","SPR04",2,"DNA","Shallow",1,2015,"Spring","2015-06-13",51.1863,-63.9319,"Soil"
"SWLR01D","SWLR01",1,"DNA","Shallow",1,2015,"Spring","2015-06-09",50.55314,-63.21136,"Downriver"
"SWLR01-s2-D","SWLR01",2,"DNA","Shallow",1,2015,"Spring","2015-06-09",50.55314,-63.21136,"Downriver"
"SWLR02D","SWLR02",1,"DNA","Shallow",1,2015,"Spring","2015-06-09",50.43434,-63.25355,"Downriver"
"SWLR02-s2-D","SWLR02",2,"DNA","Shallow",1,2015,"Spring","2015-06-09",50.43434,-63.25355,"Downriver"
"SWLR03D","SWLR03",1,"DNA","Shallow",1,2015,"Spring","2015-06-09",50.43434,-63.25355,"Downriver"
"SWLR03-s2-D","SWLR03",2,"DNA","Shallow",1,2015,"Spring","2015-06-09",50.43434,-63.25355,"Downriver"
"SWLR04D","SWLR04",1,"DNA","Shallow",1,2015,"Spring","2015-06-15",50.3795,-63.26425,"Downriver"
"SWLR04-s2-D","SWLR04",2,"DNA","Shallow",1,2015,"Spring","2015-06-15",50.3795,-63.26425,"Downriver"
"SWPR01D","SWPR01",1,"DNA","Shallow",1,2015,"Spring","2015-06-07",51.368157,-63.876955,"Soilwater"
"SWPR01-s2-D","SWPR01",2,"DNA","Shallow",1,2015,"Spring","2015-06-07",51.368157,-63.876955,"Soilwater"
"SWPR02DSeq","SWPR02",1,"DNA","Deep",3,2015,"Spring","2015-06-08",51.21028,-63.92063,"Soilwater"
"SWPR02D","SWPR02",1,"DNA","Shallow",1,2015,"Spring","2015-06-08",51.21028,-63.92063,"Soilwater"
"SWPR02-s2-D","SWPR02",2,"DNA","Shallow",1,2015,"Spring","2015-06-08",51.21028,-63.92063,"Soilwater"
"SWPR02-s2-DSeq","SWPR02",2,"DNA","Deep",3,2015,"Spring","2015-06-08",51.21028,-63.92063,"Soilwater"
"SWPR03D","SWPR03",1,"DNA","Shallow",1,2015,"Spring","2015-06-13",51.20287,-63.92476,"Soilwater"
"SWPR03-s2-D","SWPR03",2,"DNA","Shallow",1,2015,"Spring","2015-06-13",51.20287,-63.92476,"Soilwater"
"SWPR04D","SWPR04",1,"DNA","Shallow",1,2015,"Spring","2015-06-13",51.1863,-63.9319,"Soilwater"
"SWPR04-s2-D","SWPR04",2,"DNA","Shallow",1,2015,"Spring","2015-06-13",51.1863,-63.9319,"Soilwater"
"SWPR05D","SWPR05",1,"DNA","Shallow",1,2015,"Spring","2015-06-14",51.303572,-63.869197,"Soilwater"
"SWPR05-s2-D","SWPR05",2,"DNA","Shallow",1,2015,"Spring","2015-06-14",51.303572,-63.869197,"Soilwater"
"SWPR06D","SWPR06",1,"DNA","Shallow",1,2015,"Spring","2015-06-16",51.30408,-63.85239,"Soilwater"
"SWPR06-s2-D","SWPR06",2,"DNA","Shallow",1,2015,"Spring","2015-06-16",51.30408,-63.85239,"Soilwater"
"SWPR07D","SWPR07",1,"DNA","Shallow",1,2015,"Spring","2015-06-17",51.17814,-63.92364,"Soilwater"
"SWPR07-s2-D","SWPR07",2,"DNA","Shallow",1,2015,"Spring","2015-06-17",51.17814,-63.92364,"Soilwater"
"SWPR08D","SWPR08",1,"DNA","Shallow",1,2015,"Spring","2015-06-17",51.18873,-63.90278,"Soilwater"
"SWPR08-s2-D","SWPR08",2,"DNA","Shallow",1,2015,"Spring","2015-06-17",51.18873,-63.90278,"Soilwater"
"SWPR09D","SWPR09",1,"DNA","Shallow",1,2015,"Spring","2015-06-17",51.18144,-63.92325,"Soilwater"
"SWPR09-s2-D","SWPR09",2,"DNA","Shallow",1,2015,"Spring","2015-06-17",51.18144,-63.92325,"Soilwater"
"SWPR10D","SWPR10",1,"DNA","Shallow",1,2015,"Spring","2015-06-17",50.22601,-63.91127,"Soilwater"
"SWPR10-s2-D","SWPR10",2,"DNA","Shallow",1,2015,"Spring","2015-06-17",50.22601,-63.91127,"Soilwater"
"WELL1D","WELL1",1,"DNA","Shallow",1,2015,"Spring","2015-06-18",50.58879,-63.18764,"Wellwater"
"WELL1-s2-D","WELL1",2,"DNA","Shallow",1,2015,"Spring","2015-06-18",50.58879,-63.18764,"Wellwater"
"WELL2D","WELL2",1,"DNA","Shallow",1,2015,"Spring","2015-06-18",50.62034,-63.1893,"Wellwater"
"WELL2-s2-D","WELL2",2,"DNA","Shallow",1,2015,"Spring","2015-06-18",50.62034,-63.1893,"Wellwater"
"WELL3D","WELL3",1,"DNA","Shallow",1,2015,"Spring","2015-06-18",50.37795,-63.26105,"Wellwater"
"WELL3-s2-D","WELL3",2,"DNA","Shallow",1,2015,"Spring","2015-06-18",50.37795,-63.26105,"Wellwater"
"WELL4D","WELL4",1,"DNA","Shallow",1,2015,"Spring","2015-06-18",50.38432,-63.25247,"Wellwater"
"WELL4-s2-D","WELL4",2,"DNA","Shallow",1,2015,"Spring","2015-06-18",50.38432,-63.25247,"Wellwater"
"L321D","L321",1,"DNA","Shallow",1,2015,"Summer","2015-08-04",50.21899,-63.82191,"IslandLake"
"L322D","L322",1,"DNA","Shallow",1,2015,"Summer","2015-08-04",50.21503,-63.89979,"IslandLake"
"L323D","L323",1,"DNA","Shallow",1,2015,"Summer","2015-08-07",51.18145,-63.92259,"PRLake"
"L324D","L324",1,"DNA","Shallow",1,2015,"Summer","2015-08-07",51.18139,-63.89829,"PRLake"
"L325D","L325",1,"DNA","Shallow",1,2015,"Summer","2015-08-07",51.17887,-63.92581,"PRLake"
"L326D","L326",1,"DNA","Shallow",1,2015,"Summer","2015-08-07",51.18167,-63.92587,"PRLake"
"L327D","L327",1,"DNA","Shallow",1,2015,"Summer","2015-08-07",51.18924,-63.90315,"PRLake"
"LR24D","LR24",1,"DNA","Shallow",1,2015,"Summer","2015-08-01",50.37971,-63.26574,"Downriver"
"LR24-s2-D","LR24",2,"DNA","Shallow",1,2015,"Summer","2015-08-01",50.37971,-63.26574,"Downriver"
"LR27D","LR27",1,"DNA","Shallow",1,2015,"Summer","2015-08-02",50.30883,-63.62249,"Downriver"
"LR27-s2-D","LR27",2,"DNA","Shallow",1,2015,"Summer","2015-08-02",50.30883,-63.62249,"Downriver"
"LR29D","LR29",1,"DNA","Shallow",1,2015,"Summer","2015-08-03",50.62703,-63.18789,"Downriver"
"LR29-s2-D","LR29",2,"DNA","Shallow",1,2015,"Summer","2015-08-03",50.62703,-63.18789,"Downriver"
"LR31D","LR31",1,"DNA","Shallow",1,2015,"Summer","2015-08-03",50.46586,-63.23566,"Downriver"
"LR32D","LR32",1,"DNA","Shallow",1,2015,"Summer","2015-08-05",51.27679,-63.35451,"Upriver"
"LR34D","LR34",1,"DNA","Shallow",1,2015,"Summer","2015-08-08",51.68949,-63.72206,"Upriver"
"LR35D","LR35",1,"DNA","Shallow",1,2015,"Summer","2015-08-09",52.35411,-63.99541,"HeadwaterLakes"
"LR36D","LR36",1,"DNA","Shallow",1,2015,"Summer","2015-08-09",52.23624,-63.77818,"HeadwaterLakes"
"LR37D","LR37",1,"DNA","Shallow",1,2015,"Summer","2015-08-09",52.12115,-63.71056,"HeadwaterLakes"
"LR38D","LR38",1,"DNA","Shallow",1,2015,"Summer","2015-08-09",52.05493,-63.7011,"HeadwaterLakes"
"LR39D","LR39",1,"DNA","Shallow",1,2015,"Summer","2015-08-09",52.08602,-63.83853,"HeadwaterLakes"
"LR40D","LR40",1,"DNA","Shallow",1,2015,"Summer","2015-08-09",50.29681,-63.80553,"Downriver"
"LR41D","LR41",1,"DNA","Shallow",1,2015,"Summer","2015-08-09",50.29335,-63.81304,"Downriver"
"LR42D","LR42",1,"DNA","Shallow",1,2015,"Summer","2015-08-10",52.06438,-63.84188,"Upriver"
"LR45D","LR45",1,"DNA","Shallow",1,2015,"Summer","2015-08-11",51.38594,-63.59067,"Upriver"
"LR47D","LR47",1,"DNA","Shallow",1,2015,"Summer","2015-08-11",51.26144,-63.34465,"Upriver"
"LR48DSeq","LR48",1,"DNA","Deep",4,2015,"Summer","2015-08-11",50.31302,-63.54258,"Downriver"
"LR48D","LR48",1,"DNA","Shallow",1,2015,"Summer","2015-08-11",50.31302,-63.54258,"Downriver"
"LRH11D","LRH11",1,"DNA","Shallow",1,2015,"Summer","2015-08-01",50.31672,-63.3089,"Downriver"
"LRH11-s2-D","LRH11",2,"DNA","Shallow",1,2015,"Summer","2015-08-01",50.31672,-63.3089,"Downriver"
"LRH14D","LRH14",1,"DNA","Shallow",1,2015,"Summer","2015-08-01",50.30009,-63.8122,"Downriver"
"LRH14-s2-D","LRH14",2,"DNA","Shallow",1,2015,"Summer","2015-08-01",50.30009,-63.8122,"Downriver"
"LRH15D","LRH15",1,"DNA","Shallow",1,2015,"Summer","2015-08-01",50.30076,-63.81276,"Downriver"
"LRH15-s2-D","LRH15",2,"DNA","Shallow",1,2015,"Summer","2015-08-01",50.30076,-63.81276,"Downriver"
"M09D","M09",1,"DNA","Shallow",1,2015,"Summer","2015-08-14",50.2591,-63.83741,"Marine"
"M10D","M10",1,"DNA","Shallow",1,2015,"Summer","2015-08-14",50.25995,-63.83869,"Marine"
"M11D","M11",1,"DNA","Shallow",1,2015,"Summer","2015-08-14",50.26222,-63.84091,"Marine"
"M12D","M12",1,"DNA","Shallow",1,2015,"Summer","2015-08-14",50.27225,-63.85675,"Marine"
"M13D","M13",1,"DNA","Shallow",1,2015,"Summer","2015-08-14",50.23985,-63.76012,"Marine"
"M14D","M14",1,"DNA","Shallow",1,2015,"Summer","2015-08-14",50.24043,-63.72075,"Marine"
"M15D","M15",1,"DNA","Shallow",1,2015,"Summer","2015-08-14",50.2174,-63.70496,"Marine"
"M16D","M16",1,"DNA","Shallow",1,2015,"Summer","2015-08-14",50.28235,-63.86902,"Marine"
"PR13D","PR13",1,"DNA","Shallow",1,2015,"Summer","2015-08-02",51.368157,-63.876955,"Stream"
"PR15D","PR15",1,"DNA","Shallow",1,2015,"Summer","2015-08-03",51.30254,-63.87091,"Stream"
"PR17D","PR17",1,"DNA","Shallow",1,2015,"Summer","2015-08-03",51.3055,-63.86446,"Stream"
"PR19D","PR19",1,"DNA","Shallow",1,2015,"Summer","2015-08-05",51.20287,-63.92476,"Stream"
"PR21DSeq","PR21",1,"DNA","Deep",4,2015,"Summer","2015-08-06",51.21028,-63.92063,"Stream"
"PR21D","PR21",1,"DNA","Shallow",1,2015,"Summer","2015-08-06",51.21028,-63.92063,"Stream"
"PR23D","PR23",1,"DNA","Shallow",1,2015,"Summer","2015-08-07",51.1863,-63.9319,"Stream"
"RO216D","RO216",1,"DNA","Shallow",1,2015,"Summer","2015-08-04",50.65478,-63.25952,"RO2"
"RO219D","RO219",1,"DNA","Shallow",1,2015,"Summer","2015-08-04",50.76554,-63.20193,"RO2"
"RO220D","RO220",1,"DNA","Shallow",1,2015,"Summer","2015-08-06",51.08314,-63.38306,"RO2"
"RO221D","RO221",1,"DNA","Shallow",1,2015,"Summer","2015-08-06",51.02922,-63.29194,"RO2"
"RO222D","RO222",1,"DNA","Shallow",1,2015,"Summer","2015-08-06",50.96213,-63.2999,"RO2"
"RO223D","RO223",1,"DNA","Shallow",1,2015,"Summer","2015-08-06",50.93333,-63.34996,"RO2"
"RO226D","RO226",1,"DNA","Shallow",1,2015,"Summer","2015-08-07",51.05861,-63.19764,"RO2"
"RO228D","RO228",1,"DNA","Shallow",1,2015,"Summer","2015-08-07",50.86131,-63.15281,"RO2"
"RO229D","RO229",1,"DNA","Shallow",1,2015,"Summer","2015-08-07",50.83579,-63.19522,"RO2"
"SL322D","SL322",1,"DNA","Shallow",1,2015,"Summer","2015-08-04",50.21165,-63.91142,"Soil"
"SL323D","SL323",1,"DNA","Shallow",1,2015,"Summer","2015-08-07",51.18924,-63.90315,"Soil"
"SL325D","SL325",1,"DNA","Shallow",1,2015,"Summer","2015-08-07",51.17887,-63.92581,"Soil"
"SL326D","SL326",1,"DNA","Shallow",1,2015,"Summer","2015-08-07",51.18167,-63.92587,"Soil"
"SL327D","SL327",1,"DNA","Shallow",1,2015,"Summer","2015-08-07",51.18145,-63.92259,"Soil"
"SPR13D","SPR13",1,"DNA","Shallow",1,2015,"Summer","2015-08-02",51.36792,-63.87695,"Soil"
"SPR16D","SPR16",1,"DNA","Shallow",1,2015,"Summer","2015-08-03",51.30365,-63.86974,"Soil"
"SPR18D","SPR18",1,"DNA","Shallow",1,2015,"Summer","2015-08-04",51.30387,-63.85239,"Soil"
"SPR20D","SPR20",1,"DNA","Shallow",1,2015,"Summer","2015-08-05",51.20218,-63.92313,"Soil"
"SPR21D","SPR21",1,"DNA","Shallow",1,2015,"Summer","2015-08-06",51.21072,-63.92059,"Soil"
"SPR23D","SPR23",1,"DNA","Shallow",1,2015,"Summer","2015-08-07",51.1863,-63.9319,"Soil"
"ST21D","ST21",1,"DNA","Shallow",1,2015,"Summer","2015-08-08",51.45175,-63.80902,"Stream"
"ST27D","ST27",1,"DNA","Shallow",1,2015,"Summer","2015-08-09",50.91058,-63.24684,"Stream"
"SWL322D","SWL322",1,"DNA","Shallow",1,2015,"Summer","2015-08-04",50.21165,-63.91142,"Soilwater"
"SWL323D","SWL323",1,"DNA","Shallow",1,2015,"Summer","2015-08-07",51.18924,-63.90315,"Soilwater"
"SWL325D","SWL325",1,"DNA","Shallow",1,2015,"Summer","2015-08-07",51.17887,-63.92581,"Soilwater"
"SWL326D","SWL326",1,"DNA","Shallow",1,2015,"Summer","2015-08-07",51.18167,-63.92587,"Soilwater"
"SWL327D","SWL327",1,"DNA","Shallow",1,2015,"Summer","2015-08-07",51.18145,-63.92259,"Soilwater"
"SWPR13D","SWPR13",1,"DNA","Shallow",1,2015,"Summer","2015-08-02",51.36792,-63.87695,"Soilwater"
"SWPR16D","SWPR16",1,"DNA","Shallow",1,2015,"Summer","2015-08-03",51.30365,-63.86974,"Soilwater"
"SWPR18D","SWPR18",1,"DNA","Shallow",1,2015,"Summer","2015-08-04",51.30387,-63.85239,"Soilwater"
"SWPR20D","SWPR20",1,"DNA","Shallow",1,2015,"Summer","2015-08-05",51.20218,-63.92313,"Soilwater"
"SWPR21DSeq","SWPR21",1,"DNA","Deep",4,2015,"Summer","2015-08-06",51.21072,-63.92059,"Soilwater"
"SWPR21D","SWPR21",1,"DNA","Shallow",1,2015,"Summer","2015-08-06",51.21072,-63.92059,"Soilwater"
"SWPR23D","SWPR23",1,"DNA","Shallow",1,2015,"Summer","2015-08-07",51.1863,-63.9319,"Soilwater"
"SWT21D","SWT21",1,"DNA","Shallow",1,2015,"Summer","2015-08-08",51.45175,-63.80902,"Soilwater"
"SWT25D","SWT25",1,"DNA","Shallow",1,2015,"Summer","2015-08-08",51.61302,-63.67693,"Soilwater"
"SWT27D","SWT27",1,"DNA","Shallow",1,2015,"Summer","2015-08-09",50.91058,-63.24684,"Soilwater"
"SWT29D","SWT29",1,"DNA","Shallow",1,2015,"Summer","2015-08-10",51.33701,-63.61772,"Soilwater"
"T27D","T27",1,"DNA","Shallow",1,2015,"Summer","2015-08-09",50.91047,-63.24681,"Tributary"
"T37D","T37",1,"DNA","Shallow",1,2015,"Summer","2015-08-13",50.37239,-63.26387,"Tributary"
"T38D","T38",1,"DNA","Shallow",1,2015,"Summer","2015-08-13",50.56943,-63.19675,"Tributary"
"HW24D","HW24",1,"DNA","Shallow",5,2016,"Spring","2016-06-10",51.21285,-63.92264,"Hyporheic"
"HW24R","HW24",1,"cDNA","Shallow",6,2016,"Spring","2016-06-10",51.21285,-63.92264,"Hyporheic"
"HW25D","HW25",1,"DNA","Shallow",5,2016,"Spring","2016-06-10",51.20954,-63.42093,"Hyporheic"
"HW25R","HW25",1,"cDNA","Shallow",6,2016,"Spring","2016-06-10",51.20954,-63.42093,"Hyporheic"
"HW26D","HW26",1,"DNA","Shallow",5,2016,"Spring","2016-06-11",51.36657,-63.87721,"Hyporheic"
"HW26R","HW26",1,"cDNA","Shallow",6,2016,"Spring","2016-06-11",51.36657,-63.87721,"Hyporheic"
"HW27D","HW27",1,"DNA","Shallow",5,2016,"Spring","2016-06-11",51.36616,-63.87573,"Hyporheic"
"HW27R","HW27",1,"cDNA","Shallow",6,2016,"Spring","2016-06-11",51.36616,-63.87573,"Hyporheic"
"HW28R","HW28",1,"cDNA","Shallow",6,2016,"Spring","2016-06-12",51.20215,-63.92329,"Hyporheic"
"HW28D","HW28",1,"DNA","Shallow",6,2016,"Spring","2016-06-12",51.20215,-63.92329,"Hyporheic"
"HW30R","HW30",1,"cDNA","Shallow",6,2016,"Spring","2016-06-12",51.18623,-63.93188,"Hyporheic"
"HW30D","HW30",1,"DNA","Shallow",6,2016,"Spring","2016-06-12",51.18623,-63.93188,"Hyporheic"
"HW31D","HW31",1,"DNA","Shallow",6,2016,"Spring","2016-06-15",51.30344,-63.86294,"Hyporheic"
"HW31R","HW31",1,"cDNA","Shallow",7,2016,"Spring","2016-06-15",51.30344,-63.86294,"Hyporheic"
"HW32D","HW32",1,"DNA","Shallow",5,2016,"Spring","2016-06-13",51.30254,-63.87091,"Hyporheic"
"HW32R","HW32",1,"cDNA","Shallow",7,2016,"Spring","2016-06-13",51.30254,-63.87091,"Hyporheic"
"L3281R","L3281",1,"cDNA","Shallow",6,2016,"Spring","2016-06-12",50.57727,-63.46136,"Lake"
"L3281D","L3281",1,"DNA","Shallow",6,2016,"Spring","2016-06-12",50.57727,-63.46136,"Lake"
"L3282R","L3282",1,"cDNA","Shallow",6,2016,"Spring","2016-06-12",50.46541,-63.57906,"Lake"
"L3291D","L3291",1,"DNA","Shallow",5,2016,"Spring","2016-06-12",50.5621,-63.30718,"Lake"
"L3291R","L3291",1,"cDNA","Shallow",6,2016,"Spring","2016-06-12",50.5621,-63.30718,"Lake"
"L3292D","L3292",1,"DNA","Shallow",5,2016,"Spring","2016-06-12",50.47179,-63.42405,"Lake"
"L3292R","L3292",1,"cDNA","Shallow",6,2016,"Spring","2016-06-12",50.47179,-63.42405,"Lake"
"L330.C1R","L330.C1",1,"cDNA","Shallow",7,2016,"Spring","2016-06-13",NA,NA,"Lake"
"LR49DSeq","LR49",1,"DNA","Deep",8,2016,"Spring","2016-06-02",52.35835,-63.9938,"HeadwaterLakes"
"LR49R","LR49",1,"cDNA","Shallow",6,2016,"Spring","2016-06-02",52.35835,-63.9938,"HeadwaterLakes"
"LR49D","LR49",1,"DNA","Shallow",6,2016,"Spring","2016-06-02",52.35835,-63.9938,"HeadwaterLakes"
"LR50R","LR50",1,"cDNA","Shallow",6,2016,"Spring","2016-06-02",52.12788,-63.70666,"HeadwaterLakes"
"LR50D","LR50",1,"DNA","Shallow",6,2016,"Spring","2016-06-02",52.12788,-63.70666,"HeadwaterLakes"
"LR51D","LR51",1,"DNA","Shallow",5,2016,"Spring","2016-06-02",52.05113,-63.70082,"HeadwaterLakes"
"LR51R","LR51",1,"cDNA","Shallow",6,2016,"Spring","2016-06-02",52.05113,-63.70082,"HeadwaterLakes"
"LR52D","LR52",1,"DNA","Shallow",6,2016,"Spring","2016-06-03",52.0863,-63.83093,"HeadwaterLakes"
"LR53D","LR53",1,"DNA","Shallow",6,2016,"Spring","2016-06-03",52.05905,-63.84372,"Upriver"
"LR53R","LR53",1,"cDNA","Shallow",6,2016,"Spring","2016-06-03",52.05905,-63.84372,"Upriver"
"LR54D","LR54",1,"DNA","Shallow",6,2016,"Spring","2016-06-03",51.97409,-63.77726,"Upriver"
"LR54R","LR54",1,"cDNA","Shallow",6,2016,"Spring","2016-06-03",51.97409,-63.77726,"Upriver"
"LR55D","LR55",1,"DNA","Shallow",5,2016,"Spring","2016-06-05",51.77992,-63.71551,"Upriver"
"LR56D","LR56",1,"DNA","Shallow",6,2016,"Spring","2016-06-05",51.70283,-63.71917,"Upriver"
"LR56R","LR56",1,"cDNA","Shallow",6,2016,"Spring","2016-06-05",51.70283,-63.71917,"Upriver"
"LR57D","LR57",1,"DNA","Shallow",6,2016,"Spring","2016-06-09",50.38105,-63.26677,"Downriver"
"LR58D","LR58",1,"DNA","Shallow",6,2016,"Spring","2016-06-09",50.32945,-63.29131,"Downriver"
"LR58R","LR58",1,"cDNA","Shallow",6,2016,"Spring","2016-06-09",50.32945,-63.29131,"Downriver"
"LR59D","LR59",1,"DNA","Shallow",6,2016,"Spring","2016-06-09",50.32291,-63.36477,"Downriver"
"LR59R","LR59",1,"cDNA","Shallow",7,2016,"Spring","2016-06-09",50.32291,-63.36477,"Downriver"
"LR60D","LR60",1,"DNA","Shallow",5,2016,"Spring","2016-06-09",50.30492,-63.58691,"Downriver"
"LR60R","LR60",1,"cDNA","Shallow",6,2016,"Spring","2016-06-09",50.30492,-63.58691,"Downriver"
"LR61D","LR61",1,"DNA","Shallow",6,2016,"Spring","2016-06-09",50.31145,-63.48157,"Downriver"
"LR61R","LR61",1,"cDNA","Shallow",6,2016,"Spring","2016-06-09",50.31145,-63.48157,"Downriver"
"LR62R","LR62",1,"cDNA","Shallow",6,2016,"Spring","2016-06-09",50.317449,-63.31067,"Downriver"
"LR62D","LR62",1,"DNA","Shallow",6,2016,"Spring","2016-06-09",50.317449,-63.31067,"Downriver"
"LR63D","LR63",1,"DNA","Shallow",5,2016,"Spring","2016-06-11",51.38269,-63.58594,"Upriver"
"LR63R","LR63",1,"cDNA","Shallow",6,2016,"Spring","2016-06-11",51.38269,-63.58594,"Upriver"
"LR64D","LR64",1,"DNA","Shallow",5,2016,"Spring","2016-06-11",51.30358,-63.39372,"Upriver"
"LR64R","LR64",1,"cDNA","Shallow",6,2016,"Spring","2016-06-11",51.30358,-63.39372,"Upriver"
"LR65D","LR65",1,"DNA","Shallow",5,2016,"Spring","2016-06-11",51.27259,-63.35046,"Upriver"
"LR65R","LR65",1,"cDNA","Shallow",6,2016,"Spring","2016-06-11",51.27259,-63.35046,"Upriver"
"LR66R","LR66",1,"cDNA","Shallow",6,2016,"Spring","2016-06-12",51.18214,-63.36409,"Upriver"
"LR67D","LR67",1,"DNA","Shallow",6,2016,"Spring","2016-06-14",50.3096,-63.6232,"Downriver"
"LR67R","LR67",1,"cDNA","Shallow",7,2016,"Spring","2016-06-14",50.3096,-63.6232,"Downriver"
"LR68D","LR68",1,"DNA","Shallow",5,2016,"Spring","2016-06-14",50.31653,-63.76784,"Downriver"
"LR68R","LR68",1,"cDNA","Shallow",7,2016,"Spring","2016-06-14",50.31653,-63.76784,"Downriver"
"PR24DSeq","PR24",1,"DNA","Deep",8,2016,"Spring","2016-06-10",51.21285,-63.92264,"Stream"
"PR24D","PR24",1,"DNA","Shallow",6,2016,"Spring","2016-06-10",51.21285,-63.92264,"Stream"
"PR24R","PR24",1,"cDNA","Shallow",6,2016,"Spring","2016-06-10",51.21285,-63.92264,"Stream"
"PR25D","PR25",1,"DNA","Shallow",5,2016,"Spring","2016-06-10",51.20954,-63.92093,"Stream"
"PR25R","PR25",1,"cDNA","Shallow",6,2016,"Spring","2016-06-10",51.20954,-63.92093,"Stream"
"PR26D","PR26",1,"DNA","Shallow",5,2016,"Spring","2016-06-11",51.36657,-63.87721,"Stream"
"PR26R","PR26",1,"cDNA","Shallow",6,2016,"Spring","2016-06-11",51.36657,-63.87721,"Stream"
"PR27D","PR27",1,"DNA","Shallow",5,2016,"Spring","2016-06-11",51.36616,-63.87573,"Stream"
"PR27R","PR27",1,"cDNA","Shallow",6,2016,"Spring","2016-06-11",51.36616,-63.87573,"Stream"
"PR28D","PR28",1,"DNA","Shallow",5,2016,"Spring","2016-06-12",51.20215,-63.92329,"Stream"
"PR28R","PR28",1,"cDNA","Shallow",6,2016,"Spring","2016-06-12",51.20215,-63.92329,"Stream"
"PR29D","PR29",1,"DNA","Shallow",5,2016,"Spring","2016-06-12",51.2029,-63.92485,"Stream"
"PR29R","PR29",1,"cDNA","Shallow",6,2016,"Spring","2016-06-12",51.2029,-63.92485,"Stream"
"PR29-t2-D","PR29",2,"DNA","Shallow",6,2016,"Spring","2016-06-12",51.2029,-63.92485,"Stream"
"PR30D","PR30",1,"DNA","Shallow",5,2016,"Spring","2016-06-12",51.18623,-63.93188,"Stream"
"PR30-t2-D","PR30",2,"DNA","Shallow",6,2016,"Spring","2016-06-12",51.18623,-63.93188,"Stream"
"PR30R","PR30",1,"cDNA","Shallow",6,2016,"Spring","2016-06-12",51.18623,-63.93188,"Stream"
"PR31D","PR31",1,"DNA","Shallow",5,2016,"Spring","2016-06-15",51.30344,-63.86294,"Stream"
"PR31-t2-D","PR31",2,"DNA","Shallow",6,2016,"Spring","2016-06-15",51.30344,-63.86294,"Stream"
"PR31R","PR31",1,"cDNA","Shallow",7,2016,"Spring","2016-06-15",51.30344,-63.86294,"Stream"
"PR32R","PR32",1,"cDNA","Shallow",6,2016,"Spring","2016-06-13",51.30254,-63.87091,"Stream"
"RO101R","RO101",1,"cDNA","Shallow",6,2016,"Spring","2016-06-05",50.63185,-63.16687,"RO1"
"RO101D","RO101",1,"DNA","Shallow",6,2016,"Spring","2016-06-05",50.63185,-63.16687,"RO1"
"RO102D","RO102",1,"DNA","Shallow",5,2016,"Spring","2016-06-05",50.62154,-63.17035,"RO1"
"RO102R","RO102",1,"cDNA","Shallow",6,2016,"Spring","2016-06-05",50.62154,-63.17035,"RO1"
"RO103D","RO103",1,"DNA","Shallow",6,2016,"Spring","2016-06-05",50.54065,-63.22003,"RO1"
"RO103R","RO103",1,"cDNA","Shallow",6,2016,"Spring","2016-06-05",50.54065,-63.22003,"RO1"
"RO104D","RO104",1,"DNA","Shallow",6,2016,"Spring","2016-06-06",50.46759,-63.24461,"RO1"
"RO104R","RO104",1,"cDNA","Shallow",6,2016,"Spring","2016-06-06",50.46759,-63.24461,"RO1"
"RO105R","RO105",1,"cDNA","Shallow",6,2016,"Spring","2016-06-06",50.4438,-63.2303,"RO1"
"RO106D","RO106",1,"DNA","Shallow",5,2016,"Spring","2016-06-15",50.40915,-63.22786,"RO1"
"RO106-t2-D","RO106",2,"DNA","Shallow",6,2016,"Spring","2016-06-15",50.40915,-63.22786,"RO1"
"RO106R","RO106",1,"cDNA","Shallow",7,2016,"Spring","2016-06-15",50.40915,-63.22786,"RO1"
"RO230D","RO230",1,"DNA","Shallow",5,2016,"Spring","2016-06-01",50.67471,-63.24033,"RO2"
"RO230-t2-D","RO230",2,"DNA","Shallow",5,2016,"Spring","2016-06-01",50.67471,-63.24033,"RO2"
"RO230R","RO230",1,"cDNA","Shallow",6,2016,"Spring","2016-06-01",50.67471,-63.24033,"RO2"
"RO231D","RO231",1,"DNA","Shallow",6,2016,"Spring","2016-06-01",50.66413,-63.26339,"RO2"
"RO231R","RO231",1,"cDNA","Shallow",6,2016,"Spring","2016-06-01",50.66413,-63.26339,"RO2"
"RO232D","RO232",1,"DNA","Shallow",6,2016,"Spring","2016-06-02",50.8887,-63.22811,"RO2"
"RO232R","RO232",1,"cDNA","Shallow",7,2016,"Spring","2016-06-02",50.8887,-63.22811,"RO2"
"RO233D","RO233",1,"DNA","Shallow",6,2016,"Spring","2016-06-02",50.85346,-63.14424,"RO2"
"RO233R","RO233",1,"cDNA","Shallow",6,2016,"Spring","2016-06-02",50.85346,-63.14424,"RO2"
"RO234D","RO234",1,"DNA","Shallow",5,2016,"Spring","2016-06-03",50.84412,-63.18341,"RO2"
"RO234R","RO234",1,"cDNA","Shallow",6,2016,"Spring","2016-06-03",50.84412,-63.18341,"RO2"
"RO235D","RO235",1,"DNA","Shallow",5,2016,"Spring","2016-06-03",50.79803,-63.2,"RO2"
"RO235R","RO235",1,"cDNA","Shallow",7,2016,"Spring","2016-06-03",50.79803,-63.2,"RO2"
"RO236R","RO236",1,"cDNA","Shallow",6,2016,"Spring","2016-06-04",50.65737,-63.2671,"RO2"
"RO236D","RO236",1,"DNA","Shallow",6,2016,"Spring","2016-06-04",50.65737,-63.2671,"RO2"
"RO237D","RO237",1,"DNA","Shallow",6,2016,"Spring","2016-06-04",50.74194,-63.23214,"RO2"
"RO237R","RO237",1,"cDNA","Shallow",7,2016,"Spring","2016-06-04",50.74194,-63.23214,"RO2"
"RO238D","RO238",1,"DNA","Shallow",5,2016,"Spring","2016-06-04",50.72093,-63.26571,"RO2"
"RO238R","RO238",1,"cDNA","Shallow",6,2016,"Spring","2016-06-04",50.72093,-63.26571,"RO2"
"RO240D","RO240",1,"DNA","Shallow",5,2016,"Spring","2016-06-10",51.08335,-63.38289,"RO2"
"RO240R","RO240",1,"cDNA","Shallow",6,2016,"Spring","2016-06-10",51.08335,-63.38289,"RO2"
"RO241D","RO241",1,"DNA","Shallow",6,2016,"Spring","2016-06-10",51.0348,-63.29682,"RO2"
"RO241R","RO241",1,"cDNA","Shallow",6,2016,"Spring","2016-06-10",51.0348,-63.29682,"RO2"
"RO242R","RO242",1,"cDNA","Shallow",6,2016,"Spring","2016-06-10",51.05873,-63.19751,"RO2"
"RO242D","RO242",1,"DNA","Shallow",6,2016,"Spring","2016-06-10",51.05873,-63.19751,"RO2"
"RO243R","RO243",1,"cDNA","Shallow",6,2016,"Spring","2016-06-10",51.03102,-63.39302,"RO2"
"RO243D","RO243",1,"DNA","Shallow",6,2016,"Spring","2016-06-10",51.03102,-63.39302,"RO2"
"RO244D","RO244",1,"DNA","Shallow",6,2016,"Spring","2016-06-10",50.96748,-63.2967,"RO2"
"RO245D","RO245",1,"DNA","Shallow",6,2016,"Spring","2016-06-12",50.94175,-63.34061,"RO2"
"RO245R","RO245",1,"cDNA","Shallow",6,2016,"Spring","2016-06-12",50.94175,-63.34061,"RO2"
"SW24D","SW24",1,"DNA","Shallow",5,2016,"Spring","2016-06-10",51.21285,-63.92264,"Soilwater"
"SW24DSeq","SW24",1,"DNA","Deep",9,2016,"Spring","2016-06-10",51.21285,-63.92264,"Soilwater"
"SW24R","SW24",1,"cDNA","Shallow",6,2016,"Spring","2016-06-10",51.21285,-63.92264,"Soilwater"
"SW26D","SW26",1,"DNA","Shallow",5,2016,"Spring","2016-06-11",51.36657,-63.87721,"Soilwater"
"SW26R","SW26",1,"cDNA","Shallow",6,2016,"Spring","2016-06-11",51.36657,-63.87721,"Soilwater"
"SW27D","SW27",1,"DNA","Shallow",6,2016,"Spring","2016-06-11",51.36616,-63.87573,"Soilwater"
"SW27R","SW27",1,"cDNA","Shallow",6,2016,"Spring","2016-06-11",51.36616,-63.87573,"Soilwater"
"SW28R","SW28",1,"cDNA","Shallow",6,2016,"Spring","2016-06-12",51.20215,-63.92329,"Soilwater"
"SW28D","SW28",1,"DNA","Shallow",6,2016,"Spring","2016-06-12",51.20215,-63.92329,"Soilwater"
"SW30R","SW30",1,"cDNA","Shallow",6,2016,"Spring","2016-06-12",51.18623,-63.93188,"Soilwater"
"SW30D","SW30",1,"DNA","Shallow",6,2016,"Spring","2016-06-12",51.18623,-63.93188,"Soilwater"
"SW31D","SW31",1,"DNA","Shallow",6,2016,"Spring","2016-06-15",51.30344,-63.86294,"Soilwater"
"SW31R","SW31",1,"cDNA","Shallow",7,2016,"Spring","2016-06-15",51.30344,-63.86294,"Soilwater"
"T47D","T47",1,"DNA","Shallow",6,2016,"Spring","2016-06-14",50.3108,-63.66121,"Tributary"
"T47R","T47",1,"cDNA","Shallow",7,2016,"Spring","2016-06-14",50.3108,-63.66121,"Tributary"
"T48D","T48",1,"DNA","Shallow",6,2016,"Spring","2016-06-14",50.32102,-63.720285,"Tributary"
"T48R","T48",1,"cDNA","Shallow",7,2016,"Spring","2016-06-14",50.32102,-63.720285,"Tributary"
"HW33D","HW33",1,"DNA","Shallow",5,2016,"Summer","2016-08-04",51.36618,-63.87583,"Hyporheic"
"HW34D","HW34",1,"DNA","Shallow",5,2016,"Summer","2016-08-04",51.36654,-63.87719,"Hyporheic"
"HW34R","HW34",1,"cDNA","Shallow",7,2016,"Summer","2016-08-04",51.36654,-63.87719,"Hyporheic"
"HW35D","HW35",1,"DNA","Shallow",5,2016,"Summer","2016-08-05",51.21284,-63.92261,"Hyporheic"
"HW35R","HW35",1,"cDNA","Shallow",7,2016,"Summer","2016-08-05",51.21284,-63.92261,"Hyporheic"
"HW36D","HW36",1,"DNA","Shallow",5,2016,"Summer","2016-08-05",51.2095,-63.92092,"Hyporheic"
"HW36R","HW36",1,"cDNA","Shallow",7,2016,"Summer","2016-08-05",51.2095,-63.92092,"Hyporheic"
"HW37D","HW37",1,"DNA","Shallow",5,2016,"Summer","2016-08-07",51.20212,-63.9233,"Hyporheic"
"HW37R","HW37",1,"cDNA","Shallow",7,2016,"Summer","2016-08-07",51.20212,-63.9233,"Hyporheic"
"HW40D","HW40",1,"DNA","Shallow",5,2016,"Summer","2016-08-09",51.303572,-63.869197,"Hyporheic"
"HW40R","HW40",1,"cDNA","Shallow",7,2016,"Summer","2016-08-09",51.303572,-63.869197,"Hyporheic"
"HW42D","HW42",1,"DNA","Shallow",5,2016,"Summer","2016-08-10",51.30536,-63.8649,"Hyporheic"
"HW42R","HW42",1,"cDNA","Shallow",7,2016,"Summer","2016-08-10",51.30536,-63.8649,"Hyporheic"
"HW43D","HW43",1,"DNA","Shallow",5,2016,"Summer","2016-08-10",51.30408,-63.85194,"Hyporheic"
"L330D","L330",1,"DNA","Shallow",5,2016,"Summer","2016-08-05",51.18157,-63.92587,"Lake"
"L330-s2-D","L330",2,"DNA","Shallow",5,2016,"Summer","2016-08-05",51.18157,-63.92587,"Lake"
"L330R","L330",1,"cDNA","Shallow",7,2016,"Summer","2016-08-05",51.18157,-63.92587,"Lake"
"L331D","L331",1,"DNA","Shallow",5,2016,"Summer","2016-08-05",51.18164,-63.92405,"Lake"
"L331R","L331",1,"cDNA","Shallow",7,2016,"Summer","2016-08-05",51.18164,-63.92405,"Lake"
"L332D","L332",1,"DNA","Shallow",5,2016,"Summer","2016-08-11",51.18935,-63.90314,"Lake"
"L332R","L332",1,"cDNA","Shallow",7,2016,"Summer","2016-08-11",51.18935,-63.90314,"Lake"
"L333D","L333",1,"DNA","Shallow",5,2016,"Summer","2016-08-11",51.18164,-63.89855,"Lake"
"L333DSeq","L333",1,"DNA","Deep",9,2016,"Summer","2016-08-11",51.18164,-63.89855,"Lake"
"L333R","L333",1,"cDNA","Shallow",7,2016,"Summer","2016-08-11",51.18164,-63.89855,"Lake"
"L334D","L334",1,"DNA","Shallow",5,2016,"Summer","2016-08-11",51.19883,-63.90014,"Lake"
"L334R","L334",1,"cDNA","Shallow",7,2016,"Summer","2016-08-11",51.19883,-63.90014,"Lake"
"L3351D","L3351",1,"DNA","Shallow",5,2016,"Summer","2016-08-12",50.58389,-63.46034,"Lake"
"L3362D","L3362",1,"DNA","Shallow",5,2016,"Summer","2016-08-12",50.51064,-63.41678,"Lake"
"LR69D","LR69",1,"DNA","Shallow",5,2016,"Summer","2016-08-06",50.32419,-63.36647,"Downriver"
"LR69R","LR69",1,"cDNA","Shallow",7,2016,"Summer","2016-08-06",50.32419,-63.36647,"Downriver"
"LR70D","LR70",1,"DNA","Shallow",5,2016,"Summer","2016-08-06",50.32811,-63.28559,"Downriver"
"LR71D","LR71",1,"DNA","Shallow",5,2016,"Summer","2016-08-06",50.38126,-63.26665,"Downriver"
"LR71R","LR71",1,"cDNA","Shallow",7,2016,"Summer","2016-08-06",50.38126,-63.26665,"Downriver"
"LR72D","LR72",1,"DNA","Shallow",5,2016,"Summer","2016-08-09",52.35541,-63.99129,"HeadwaterLakes"
"LR72DSeq","LR72",1,"DNA","Deep",9,2016,"Summer","2016-08-09",52.35541,-63.99129,"HeadwaterLakes"
"LR72R","LR72",1,"cDNA","Shallow",7,2016,"Summer","2016-08-09",52.35541,-63.99129,"HeadwaterLakes"
"LR73D","LR73",1,"DNA","Shallow",5,2016,"Summer","2016-08-11",52.087,-63.83802,"HeadwaterLakes"
"LR73R","LR73",1,"cDNA","Shallow",7,2016,"Summer","2016-08-11",52.087,-63.83802,"HeadwaterLakes"
"LR74R","LR74",1,"cDNA","Shallow",7,2016,"Summer","2016-08-11",52.05544,-63.68134,"HeadwaterLakes"
"LR75D","LR75",1,"DNA","Shallow",5,2016,"Summer","2016-08-11",50.36592,-63.58032,"Downriver"
"LR75DSeq","LR75",1,"DNA","Deep",10,2016,"Summer","2016-08-11",50.36592,-63.58032,"Downriver"
"LR75R","LR75",1,"cDNA","Shallow",7,2016,"Summer","2016-08-11",50.36592,-63.58032,"Downriver"
"LR80D","LR80",1,"DNA","Shallow",5,2016,"Summer","2016-08-14",51.65284,-63.71143,"Upriver"
"LR80R","LR80",1,"cDNA","Shallow",7,2016,"Summer","2016-08-14",51.65284,-63.71143,"Upriver"
"M17D","M17",1,"DNA","Shallow",5,2016,"Summer","2016-08-14",50.28684,-63.84786,"Marine"
"M17R","M17",1,"cDNA","Shallow",7,2016,"Summer","2016-08-14",50.28684,-63.84786,"Marine"
"M18D","M18",1,"DNA","Shallow",5,2016,"Summer","2016-08-14",50.28551,-63.85236,"Marine"
"M18R","M18",1,"cDNA","Shallow",7,2016,"Summer","2016-08-14",50.28551,-63.85236,"Marine"
"M19D","M19",1,"DNA","Shallow",5,2016,"Summer","2016-08-14",50.26292,-63.85185,"Marine"
"M19R","M19",1,"cDNA","Shallow",7,2016,"Summer","2016-08-14",50.26292,-63.85185,"Marine"
"M20D","M20",1,"DNA","Shallow",5,2016,"Summer","2016-08-14",50.2596,-63.84907,"Marine"
"M20DSeq","M20",1,"DNA","Deep",8,2016,"Summer","2016-08-14",50.2596,-63.84907,"Marine"
"M20R","M20",1,"cDNA","Shallow",7,2016,"Summer","2016-08-14",50.2596,-63.84907,"Marine"
"PR33D","PR33",1,"DNA","Shallow",5,2016,"Summer","2016-08-04",51.36618,-63.87583,"Stream"
"PR34D","PR34",1,"DNA","Shallow",5,2016,"Summer","2016-08-04",51.36654,-63.87719,"Stream"
"PR34R","PR34",1,"cDNA","Shallow",7,2016,"Summer","2016-08-04",51.36654,-63.87719,"Stream"
"PR35D","PR35",1,"DNA","Shallow",5,2016,"Summer","2016-08-05",51.21284,-63.92261,"Stream"
"PR35DSeq","PR35",1,"DNA","Deep",10,2016,"Summer","2016-08-05",51.21284,-63.92261,"Stream"
"PR35R","PR35",1,"cDNA","Shallow",7,2016,"Summer","2016-08-05",51.21284,-63.92261,"Stream"
"PR36D","PR36",1,"DNA","Shallow",5,2016,"Summer","2016-08-05",51.2095,-63.92092,"Stream"
"PR36R","PR36",1,"cDNA","Shallow",7,2016,"Summer","2016-08-05",51.2095,-63.92092,"Stream"
"PR37D","PR37",1,"DNA","Shallow",5,2016,"Summer","2016-08-07",51.20212,-63.9233,"Stream"
"PR37R","PR37",1,"cDNA","Shallow",7,2016,"Summer","2016-08-07",51.20212,-63.9233,"Stream"
"PR38D","PR38",1,"DNA","Shallow",5,2016,"Summer","2016-08-07",51.20287,-63.92476,"Stream"
"PR38R","PR38",1,"cDNA","Shallow",7,2016,"Summer","2016-08-07",51.20287,-63.92476,"Stream"
"PR39D","PR39",1,"DNA","Shallow",5,2016,"Summer","2016-08-07",51.18631,-63.93174,"Stream"
"PR40D","PR40",1,"DNA","Shallow",5,2016,"Summer","2016-08-09",51.303572,-63.869197,"Stream"
"PR40R","PR40",1,"cDNA","Shallow",7,2016,"Summer","2016-08-09",51.303572,-63.869197,"Stream"
"PR41D","PR41",1,"DNA","Shallow",5,2016,"Summer","2016-08-09",51.30254,-63.87091,"Stream"
"PR41R","PR41",1,"cDNA","Shallow",7,2016,"Summer","2016-08-09",51.30254,-63.87091,"Stream"
"PR42D","PR42",1,"DNA","Shallow",5,2016,"Summer","2016-08-10",51.30536,-63.8649,"Stream"
"PR42R","PR42",1,"cDNA","Shallow",7,2016,"Summer","2016-08-10",51.30536,-63.8649,"Stream"
"PR43D","PR43",1,"DNA","Shallow",5,2016,"Summer","2016-08-10",51.30408,-63.85194,"Stream"
"PR43R","PR43",1,"cDNA","Shallow",7,2016,"Summer","2016-08-10",51.30408,-63.85194,"Stream"
"RO107D","RO107",1,"DNA","Shallow",5,2016,"Summer","2016-08-03",50.46215,-63.22967,"RO1"
"RO107R","RO107",1,"cDNA","Shallow",7,2016,"Summer","2016-08-03",50.46215,-63.22967,"RO1"
"RO108D","RO108",1,"DNA","Shallow",5,2016,"Summer","2016-08-04",50.62074,-63.16989,"RO1"
"RO108R","RO108",1,"cDNA","Shallow",7,2016,"Summer","2016-08-04",50.62074,-63.16989,"RO1"
"RO109D","RO109",1,"DNA","Shallow",5,2016,"Summer","2016-08-04",50.45219,-63.23246,"RO1"
"RO109R","RO109",1,"cDNA","Shallow",7,2016,"Summer","2016-08-04",50.45219,-63.23246,"RO1"
"RO112D","RO112",1,"DNA","Shallow",5,2016,"Summer","2016-08-15",50.43068,-63.21952,"RO1"
"RO112R","RO112",1,"cDNA","Shallow",7,2016,"Summer","2016-08-15",50.43068,-63.21952,"RO1"
"RO246D","RO246",1,"DNA","Shallow",5,2016,"Summer","2016-08-05",50.8881,-63.22749,"RO2"
"RO246R","RO246",1,"cDNA","Shallow",7,2016,"Summer","2016-08-05",50.8881,-63.22749,"RO2"
"RO247D","RO247",1,"DNA","Shallow",5,2016,"Summer","2016-08-05",50.85912,-63.1628,"RO2"
"RO247R","RO247",1,"cDNA","Shallow",7,2016,"Summer","2016-08-05",50.85912,-63.1628,"RO2"
"RO248D","RO248",1,"DNA","Shallow",5,2016,"Summer","2016-08-07",51.00187,-63.34712,"RO2"
"RO248R","RO248",1,"cDNA","Shallow",7,2016,"Summer","2016-08-07",51.00187,-63.34712,"RO2"
"RO249D","RO249",1,"DNA","Shallow",5,2016,"Summer","2016-08-07",51.02136,-63.30664,"RO2"
"RO249R","RO249",1,"cDNA","Shallow",7,2016,"Summer","2016-08-07",51.02136,-63.30664,"RO2"
"RO250D","RO250",1,"DNA","Shallow",5,2016,"Summer","2016-08-07",51.05091,-63.19594,"RO2"
"RO250R","RO250",1,"cDNA","Shallow",7,2016,"Summer","2016-08-07",51.05091,-63.19594,"RO2"
"RO251D","RO251",1,"DNA","Shallow",5,2016,"Summer","2016-08-07",51.01549,-63.25632,"RO2"
"RO251R","RO251",1,"cDNA","Shallow",7,2016,"Summer","2016-08-07",51.01549,-63.25632,"RO2"
"RO252D","RO252",1,"DNA","Shallow",5,2016,"Summer","2016-08-08",50.94286,-63.34372,"RO2"
"RO252R","RO252",1,"cDNA","Shallow",7,2016,"Summer","2016-08-08",50.94286,-63.34372,"RO2"
"RO253D","RO253",1,"DNA","Shallow",5,2016,"Summer","2016-08-08",50.95873,-63.30883,"RO2"
"RO254R","RO254",1,"cDNA","Shallow",7,2016,"Summer","2016-08-08",50.86029,-63.18496,"RO2"
"RO255D","RO255",1,"DNA","Shallow",5,2016,"Summer","2016-08-10",50.8422,-63.18331,"RO2"
"RO255R","RO255",1,"cDNA","Shallow",7,2016,"Summer","2016-08-10",50.8422,-63.18331,"RO2"
"RO256D","RO256",1,"DNA","Shallow",5,2016,"Summer","2016-08-10",50.7984,-63.20644,"RO2"
"RO256R","RO256",1,"cDNA","Shallow",7,2016,"Summer","2016-08-10",50.7984,-63.20644,"RO2"
"RO257D","RO257",1,"DNA","Shallow",5,2016,"Summer","2016-08-10",50.75955,-63.2112,"RO2"
"RO257R","RO257",1,"cDNA","Shallow",7,2016,"Summer","2016-08-10",50.75955,-63.2112,"RO2"
"RO261D","RO261",1,"DNA","Shallow",5,2016,"Summer","2016-08-13",50.6547,-63.26506,"RO2"
"SW33D","SW33",1,"DNA","Shallow",5,2016,"Summer","2016-08-04",51.36618,-63.87583,"Soilwater"
"SW33R","SW33",1,"cDNA","Shallow",7,2016,"Summer","2016-08-04",51.36618,-63.87583,"Soilwater"
"SW34D","SW34",1,"DNA","Shallow",5,2016,"Summer","2016-08-04",51.36654,-63.87719,"Soilwater"
"SW34R","SW34",1,"cDNA","Shallow",7,2016,"Summer","2016-08-04",51.36654,-63.87719,"Soilwater"
"SW35D","SW35",1,"DNA","Shallow",5,2016,"Summer","2016-08-05",51.21284,-63.92261,"Soilwater"
"SW35DSeq","SW35",1,"DNA","Deep",10,2016,"Summer","2016-08-05",51.21284,-63.92261,"Soilwater"
"SW35R","SW35",1,"cDNA","Shallow",7,2016,"Summer","2016-08-05",51.21284,-63.92261,"Soilwater"
"SW36D","SW36",1,"DNA","Shallow",5,2016,"Summer","2016-08-05",51.2095,-63.92092,"Soilwater"
"SW36R","SW36",1,"cDNA","Shallow",7,2016,"Summer","2016-08-05",51.2095,-63.92092,"Soilwater"
"SW37D","SW37",1,"DNA","Shallow",5,2016,"Summer","2016-08-07",51.20212,-63.9233,"Soilwater"
"SW39D","SW39",1,"DNA","Shallow",5,2016,"Summer","2016-08-07",51.18631,-63.93174,"Soilwater"
"SW40D","SW40",1,"DNA","Shallow",5,2016,"Summer","2016-08-09",51.303572,-63.869197,"Soilwater"
"SW40R","SW40",1,"cDNA","Shallow",7,2016,"Summer","2016-08-09",51.303572,-63.869197,"Soilwater"
"SW42D","SW42",1,"DNA","Shallow",5,2016,"Summer","2016-08-10",51.30536,-63.8649,"Soilwater"
"SW42R","SW42",1,"cDNA","Shallow",7,2016,"Summer","2016-08-10",51.30536,-63.8649,"Soilwater"
"SW43D","SW43",1,"DNA","Shallow",5,2016,"Summer","2016-08-10",51.30408,-63.85194,"Soilwater"
"SW43R","SW43",1,"cDNA","Shallow",7,2016,"Summer","2016-08-10",51.30408,-63.85194,"Soilwater"
"TR49D","TR49",1,"DNA","Shallow",5,2016,"Summer","2016-08-15",50.42857,-63.21352,"Tributary"
"TR49-t2-D","TR49",2,"DNA","Shallow",6,2016,"Summer","2016-08-15",50.42857,-63.21352,"Tributary"
"TR49R","TR49",1,"cDNA","Shallow",7,2016,"Summer","2016-08-15",50.42857,-63.21352,"Tributary"
"LR113D","LR113",1,"DNA","Shallow",11,2017,"Summer","2017-08-09",52.3521241188954,-63.9812450963776,"HeadwaterLakes"
"LR113R","LR113",1,"cDNA","Shallow",12,2017,"Summer","2017-08-09",52.3521241188954,-63.9812450963776,"HeadwaterLakes"
"LR116D","LR116",1,"DNA","Shallow",11,2017,"Summer","2017-08-09",52.0589174319258,-63.8435444580924,"Upriver"
"LR116R","LR116",1,"cDNA","Shallow",12,2017,"Summer","2017-08-09",52.0589174319258,-63.8435444580924,"Upriver"
"LR120D","LR120",1,"DNA","Shallow",11,2017,"Summer","2017-08-12",51.3763394609061,-63.5729518730552,"Upriver"
"LR120R","LR120",1,"cDNA","Shallow",12,2017,"Summer","2017-08-12",51.3763394609061,-63.5729518730552,"Upriver"
"LR121D","LR121",1,"DNA","Shallow",11,2017,"Summer","2017-08-17",50.3041661760171,-63.5958847693471,"Downriver"
"LR121R","LR121",1,"cDNA","Shallow",12,2017,"Summer","2017-08-17",50.3041661760171,-63.5958847693471,"Downriver"
"LR122D","LR122",1,"DNA","Shallow",11,2017,"Summer","2017-08-17",50.3156978904738,-63.4630805649971,"Downriver"
"LR122R","LR122",1,"cDNA","Shallow",12,2017,"Summer","2017-08-17",50.3156978904738,-63.4630805649971,"Downriver"
"LR123D","LR123",1,"DNA","Shallow",11,2017,"Summer","2017-08-18",50.3245,-63.36677,"Downriver"
"LR123R","LR123",1,"cDNA","Shallow",12,2017,"Summer","2017-08-18",50.3245,-63.36677,"Downriver"
"LR125D","LR125",1,"DNA","Shallow",11,2017,"Summer","2017-08-18",50.38229,-63.26742,"Downriver"
"LR125R","LR125",1,"cDNA","Shallow",12,2017,"Summer","2017-08-18",50.38229,-63.26742,"Downriver"
"LR126D","LR126",1,"DNA","Shallow",11,2017,"Summer","2017-08-18",50.31345,-63.77851,"Downriver"
"LR126R","LR126",1,"cDNA","Shallow",12,2017,"Summer","2017-08-18",50.31345,-63.77851,"Downriver"
"LR127D","LR127",1,"DNA","Shallow",11,2017,"Summer","2017-08-18",50.3097,-63.62239,"Downriver"
"LR127R","LR127",1,"cDNA","Shallow",12,2017,"Summer","2017-08-18",50.3097,-63.62239,"Downriver"
"RO136D","RO136",1,"DNA","Shallow",11,2017,"Summer","2017-08-09",50.46383,-63.2183,"RO1"
"RO136R","RO136",1,"cDNA","Shallow",12,2017,"Summer","2017-08-09",50.46383,-63.2183,"RO1"
"RO138D","RO138",1,"DNA","Shallow",11,2017,"Summer","2017-08-09",50.46229,-63.23435,"RO1"
"RO138R","RO138",1,"cDNA","Shallow",12,2017,"Summer","2017-08-09",50.46229,-63.23435,"RO1"
"RO139D","RO139",1,"DNA","Shallow",11,2017,"Summer","2017-08-10",50.6268,-63.18727,"RO1"
"RO139R","RO139",1,"cDNA","Shallow",12,2017,"Summer","2017-08-10",50.6268,-63.18727,"RO1"
"RO141D","RO141",1,"DNA","Shallow",11,2017,"Summer","2017-08-14",50.46284,-63.23442,"RO1"
"RO141R","RO141",1,"cDNA","Shallow",12,2017,"Summer","2017-08-14",50.46284,-63.23442,"RO1"
"RO142D","RO142",1,"DNA","Shallow",11,2017,"Summer","2017-08-14",50.45214,-63.23266,"RO1"
"RO142R","RO142",1,"cDNA","Shallow",12,2017,"Summer","2017-08-14",50.45214,-63.23266,"RO1"
"RO143D","RO143",1,"DNA","Shallow",11,2017,"Summer","2017-08-14",50.44199,-63.22303,"RO1"
"RO143R","RO143",1,"cDNA","Shallow",12,2017,"Summer","2017-08-14",50.44199,-63.22303,"RO1"
"RO145D","RO145",1,"DNA","Shallow",11,2017,"Summer","2017-08-17",50.38969,-63.24699,"RO1"
"RO145R","RO145",1,"cDNA","Shallow",12,2017,"Summer","2017-08-17",50.38969,-63.24699,"RO1"
"RO145.Hypo.D","RO145.Hypo",1,"DNA","Shallow",11,2017,"Summer","2017-08-17",50.38969,-63.24699,"Deep"
"RO145.Hypo.R","RO145.Hypo",1,"cDNA","Shallow",12,2017,"Summer","2017-08-17",50.38969,-63.24699,"Deep"
"RO147D","RO147",1,"DNA","Shallow",11,2017,"Summer","2017-08-17",50.42952,-63.21965,"RO1"
"RO147R","RO147",1,"cDNA","Shallow",12,2017,"Summer","2017-08-17",50.42952,-63.21965,"RO1"
"RO2100D","RO2100",1,"DNA","Shallow",11,2017,"Summer","2017-08-12",50.75975,-63.21184,"RO2"
"RO2100R","RO2100",1,"cDNA","Shallow",12,2017,"Summer","2017-08-12",50.75975,-63.21184,"RO2"
"RO2102D","RO2102",1,"DNA","Shallow",11,2017,"Summer","2017-08-14",50.9921498694019,-63.3060437297463,"RO2"
"RO2102R","RO2102",1,"cDNA","Shallow",12,2017,"Summer","2017-08-14",50.9921498694019,-63.3060437297463,"RO2"
"RO2104D","RO2104",1,"DNA","Shallow",11,2017,"Summer","2017-08-14",51.0889757822202,-63.3955844942646,"RO2"
"RO2104R","RO2104",1,"cDNA","Shallow",12,2017,"Summer","2017-08-14",51.0889757822202,-63.3955844942646,"RO2"
"RO2108D","RO2108",1,"DNA","Shallow",11,2017,"Summer","2017-08-15",50.8987372446898,-63.2472313117024,"RO2"
"RO2108R","RO2108",1,"cDNA","Shallow",12,2017,"Summer","2017-08-15",50.8987372446898,-63.2472313117024,"RO2"
"RO2110D","RO2110",1,"DNA","Shallow",11,2017,"Summer","2017-08-15",50.8226619704731,-63.1927175778933,"RO2"
"RO2110R","RO2110",1,"cDNA","Shallow",12,2017,"Summer","2017-08-15",50.8226619704731,-63.1927175778933,"RO2"
"RO2111D","RO2111",1,"DNA","Shallow",11,2017,"Summer","2017-08-15",50.6568,-63.26298,"RO2"
"RO2111R","RO2111",1,"cDNA","Shallow",12,2017,"Summer","2017-08-15",50.6568,-63.26298,"RO2"
"RO2111.40m.D","RO2111.40m",1,"DNA","Shallow",11,2017,"Summer","2017-08-15",50.6568,-63.26298,"Deep"
"RO2111.40m.R","RO2111.40m",1,"cDNA","Shallow",12,2017,"Summer","2017-08-15",50.6568,-63.26298,"Deep"
"RO2111.90m.D","RO2111.90m",1,"DNA","Shallow",11,2017,"Summer","2017-08-15",50.6568,-63.26298,"Deep"
"RO2111.90m.R","RO2111.90m",1,"cDNA","Shallow",12,2017,"Summer","2017-08-15",50.6568,-63.26298,"Deep"
"RO2113D","RO2113",1,"DNA","Shallow",11,2017,"Summer","2017-08-15",50.7168841284306,-63.2590529538016,"RO2"
"RO2113R","RO2113",1,"cDNA","Shallow",12,2017,"Summer","2017-08-15",50.7168841284306,-63.2590529538016,"RO2"
"RO297D","RO297",1,"DNA","Shallow",11,2017,"Summer","2017-08-11",50.82479,-63.17999,"RO2"
"RO297R","RO297",1,"cDNA","Shallow",12,2017,"Summer","2017-08-11",50.82479,-63.17999,"RO2"
"RO298D","RO298",1,"DNA","Shallow",11,2017,"Summer","2017-08-11",50.80039,-63.20394,"RO2"
"RO298R","RO298",1,"cDNA","Shallow",12,2017,"Summer","2017-08-11",50.80039,-63.20394,"RO2"
"RO298.7m.D","RO298.7m",1,"DNA","Shallow",11,2017,"Summer","2017-08-11",50.80039,-63.20394,"Deep"
"RO298.7m.R","RO298.7m",1,"cDNA","Shallow",12,2017,"Summer","2017-08-11",50.80039,-63.20394,"Deep"
"RO301D","RO301",1,"DNA","Shallow",11,2017,"Summer","2017-08-10",51.3118994887173,-63.4259373158468,"RO3"
"RO301R","RO301",1,"cDNA","Shallow",12,2017,"Summer","2017-08-10",51.3118994887173,-63.4259373158468,"RO3"
"RO301.Hypo.D","RO301.Hypo",1,"DNA","Shallow",11,2017,"Summer","2017-08-10",51.3118994887173,-63.4259373158468,"Deep"
"RO301.Hypo.R","RO301.Hypo",1,"cDNA","Shallow",12,2017,"Summer","2017-08-10",51.3118994887173,-63.4259373158468,"Deep"
"RO304D","RO304",1,"DNA","Shallow",11,2017,"Summer","2017-08-10",51.1896697037461,-63.3588511506079,"RO3"
"RO304R","RO304",1,"cDNA","Shallow",12,2017,"Summer","2017-08-10",51.1896697037461,-63.3588511506079,"RO3"
"RO307D","RO307",1,"DNA","Shallow",11,2017,"Summer","2017-08-11",51.2830197766487,-63.3743239739394,"RO3"
"RO307R","RO307",1,"cDNA","Shallow",12,2017,"Summer","2017-08-11",51.2830197766487,-63.3743239739394,"RO3"
"TR56D","TR56",1,"DNA","Shallow",11,2017,"Summer","2017-08-18",50.31016,-63.66162,"Tributary"
"TR56R","TR56",1,"cDNA","Shallow",12,2017,"Summer","2017-08-18",50.31016,-63.66162,"Tributary"
"L349D","L349",1,"DNA","Shallow",11,2017,"Autumn","2017-10-07",50.98998,-63.21911,"Lake"
"L349R","L349",1,"cDNA","Shallow",12,2017,"Autumn","2017-10-07",50.98998,-63.21911,"Lake"
"LR128D","LR128",1,"DNA","Shallow",11,2017,"Autumn","2017-10-04",51.90361,-63.81292,"Upriver"
"LR128R","LR128",1,"cDNA","Shallow",12,2017,"Autumn","2017-10-04",51.90361,-63.81292,"Upriver"
"LR131D","LR131",1,"DNA","Shallow",11,2017,"Autumn","2017-10-04",51.37579,-63.572,"Upriver"
"LR131R","LR131",1,"cDNA","Shallow",12,2017,"Autumn","2017-10-04",51.37579,-63.572,"Upriver"
"LR134D","LR134",1,"DNA","Shallow",11,2017,"Autumn","2017-10-05",52.08962,-63.84148,"HeadwaterLakes"
"LR134R","LR134",1,"cDNA","Shallow",12,2017,"Autumn","2017-10-05",52.08962,-63.84148,"HeadwaterLakes"
"LR137D","LR137",1,"DNA","Shallow",11,2017,"Autumn","2017-10-06",50.31519,-63.7739,"Downriver"
"LR137R","LR137",1,"cDNA","Shallow",12,2017,"Autumn","2017-10-06",50.31519,-63.7739,"Downriver"
"LR138D","LR138",1,"DNA","Shallow",11,2017,"Autumn","2017-10-07",50.32291,-63.36678,"Downriver"
"LR138R","LR138",1,"cDNA","Shallow",12,2017,"Autumn","2017-10-07",50.32291,-63.36678,"Downriver"
"LR139D","LR139",1,"DNA","Shallow",11,2017,"Autumn","2017-10-07",50.32779,-63.2865,"Downriver"
"LR139R","LR139",1,"cDNA","Shallow",12,2017,"Autumn","2017-10-07",50.32779,-63.2865,"Downriver"
"LR140D","LR140",1,"DNA","Shallow",11,2017,"Autumn","2017-10-07",50.3826,-63.26749,"Downriver"
"LR140R","LR140",1,"cDNA","Shallow",12,2017,"Autumn","2017-10-07",50.3826,-63.26749,"Downriver"
"LR142D","LR142",1,"DNA","Shallow",11,2017,"Autumn","2017-10-10",50.30284,-63.59752,"Downriver"
"LR142R","LR142",1,"cDNA","Shallow",12,2017,"Autumn","2017-10-10",50.30284,-63.59752,"Downriver"
"RO149D","RO149",1,"DNA","Shallow",11,2017,"Autumn","2017-10-05",50.6269,-63.18731,"RO1"
"RO149R","RO149",1,"cDNA","Shallow",12,2017,"Autumn","2017-10-05",50.6269,-63.18731,"RO1"
"RO151D","RO151",1,"DNA","Shallow",11,2017,"Autumn","2017-10-05",50.4634,-63.23511,"RO1"
"RO151R","RO151",1,"cDNA","Shallow",12,2017,"Autumn","2017-10-05",50.4634,-63.23511,"RO1"
"RO152D","RO152",1,"DNA","Shallow",11,2017,"Autumn","2017-10-08",50.39031,-63.24513,"RO1"
"RO152R","RO152",1,"cDNA","Shallow",12,2017,"Autumn","2017-10-08",50.39031,-63.24513,"RO1"
"RO152.Hypo.D","RO152.Hypo",1,"DNA","Shallow",11,2017,"Autumn","2017-10-08",50.39031,-63.24513,"Deep"
"RO152.Hypo.R","RO152.Hypo",1,"cDNA","Shallow",12,2017,"Autumn","2017-10-08",50.39031,-63.24513,"Deep"
"RO154D","RO154",1,"DNA","Shallow",11,2017,"Autumn","2017-10-08",50.4296,-63.21942,"RO1"
"RO154R","RO154",1,"cDNA","Shallow",12,2017,"Autumn","2017-10-08",50.4296,-63.21942,"RO1"
"RO156D","RO156",1,"DNA","Shallow",11,2017,"Autumn","2017-10-12",50.45174,-63.23296,"RO1"
"RO156R","RO156",1,"cDNA","Shallow",12,2017,"Autumn","2017-10-12",50.45174,-63.23296,"RO1"
"RO157D","RO157",1,"DNA","Shallow",11,2017,"Autumn","2017-10-12",50.44228,-63.22325,"RO1"
"RO157R","RO157",1,"cDNA","Shallow",12,2017,"Autumn","2017-10-12",50.44228,-63.22325,"RO1"
"RO159D","RO159",1,"DNA","Shallow",11,2017,"Autumn","2017-10-12",50.4591,-63.22037,"RO1"
"RO159R","RO159",1,"cDNA","Shallow",12,2017,"Autumn","2017-10-12",50.4591,-63.22037,"RO1"
"RO2117D","RO2117",1,"DNA","Shallow",11,2017,"Autumn","2017-10-04",50.85482,-63.14435,"RO2"
"RO2117R","RO2117",1,"cDNA","Shallow",12,2017,"Autumn","2017-10-04",50.85482,-63.14435,"RO2"
"RO2118D","RO2118",1,"DNA","Shallow",11,2017,"Autumn","2017-10-04",50.84089,-63.18458,"RO2"
"RO2118R","RO2118",1,"cDNA","Shallow",12,2017,"Autumn","2017-10-04",50.84089,-63.18458,"RO2"
"RO2119D","RO2119",1,"DNA","Shallow",11,2017,"Autumn","2017-10-05",51.08891,-63.39541,"RO2"
"RO2119R","RO2119",1,"cDNA","Shallow",12,2017,"Autumn","2017-10-05",51.08891,-63.39541,"RO2"
"RO2120D","RO2120",1,"DNA","Shallow",11,2017,"Autumn","2017-10-09",50.73878,-63.2341,"RO2"
"RO2120R","RO2120",1,"cDNA","Shallow",12,2017,"Autumn","2017-10-09",50.73878,-63.2341,"RO2"
"RO2122D","RO2122",1,"DNA","Shallow",11,2017,"Autumn","2017-10-09",50.71616,-63.25925,"RO2"
"RO2122R","RO2122",1,"cDNA","Shallow",12,2017,"Autumn","2017-10-09",50.71616,-63.25925,"RO2"
"RO2124D","RO2124",1,"DNA","Shallow",11,2017,"Autumn","2017-10-10",50.65741,-63.26254,"RO2"
"RO2124R","RO2124",1,"cDNA","Shallow",12,2017,"Autumn","2017-10-10",50.65741,-63.26254,"RO2"
"RO2124.Hypo.D","RO2124.Hypo",1,"DNA","Shallow",11,2017,"Autumn","2017-10-10",50.65741,-63.26254,"Deep"
"RO2124.Hypo.R","RO2124.Hypo",1,"cDNA","Shallow",12,2017,"Autumn","2017-10-10",50.65741,-63.26254,"Deep"
"RO2126D","RO2126",1,"DNA","Shallow",11,2017,"Autumn","2017-10-10",50.80048,-63.20448,"RO2"
"RO2126R","RO2126",1,"cDNA","Shallow",12,2017,"Autumn","2017-10-10",50.80048,-63.20448,"RO2"
"RO2126.9m.D","RO2126.9m",1,"DNA","Shallow",11,2017,"Autumn","2017-10-10",50.80048,-63.20448,"Deep"
"RO2126.9m.R","RO2126.9m",1,"cDNA","Shallow",12,2017,"Autumn","2017-10-10",50.80048,-63.20448,"Deep"
"RO2126.Hypo.D","RO2126.Hypo",1,"DNA","Shallow",11,2017,"Autumn","2017-10-10",50.80048,-63.20448,"Deep"
"RO2126.Hypo.R","RO2126.Hypo",1,"cDNA","Shallow",12,2017,"Autumn","2017-10-10",50.80048,-63.20448,"Deep"
"RO2132D","RO2132",1,"DNA","Shallow",11,2017,"Autumn","2017-10-10",50.90195,-63.25593,"RO2"
"RO2132R","RO2132",1,"cDNA","Shallow",12,2017,"Autumn","2017-10-10",50.90195,-63.25593,"RO2"
"RO312D","RO312",1,"DNA","Shallow",11,2017,"Autumn","2017-10-06",51.32493,-63.46063,"RO3"
"RO312R","RO312",1,"cDNA","Shallow",12,2017,"Autumn","2017-10-06",51.32493,-63.46063,"RO3"
"RO316D","RO316",1,"DNA","Shallow",11,2017,"Autumn","2017-10-06",51.26332,-63.3294,"RO3"
"RO316R","RO316",1,"cDNA","Shallow",12,2017,"Autumn","2017-10-06",51.26332,-63.3294,"RO3"
"RO317D","RO317",1,"DNA","Shallow",11,2017,"Autumn","2017-10-07",51.14686,-63.40013,"RO3"
"RO317R","RO317",1,"cDNA","Shallow",12,2017,"Autumn","2017-10-07",51.14686,-63.40013,"RO3"
"RO318D","RO318",1,"DNA","Shallow",11,2017,"Autumn","2017-10-09",51.143162,-63.40057,"RO3"
"RO318R","RO318",1,"cDNA","Shallow",12,2017,"Autumn","2017-10-09",51.143162,-63.40057,"RO3"
"RO318.Hypo.D","RO318.Hypo",1,"DNA","Shallow",11,2017,"Autumn","2017-10-09",51.143681,-63.39917,"Deep"
"RO318.Hypo.R","RO318.Hypo",1,"cDNA","Shallow",12,2017,"Autumn","2017-10-09",51.143681,-63.39917,"Deep"
"TR57D","TR57",1,"DNA","Shallow",11,2017,"Autumn","2017-10-06",50.31023,-63.66136,"Tributary"
"TR57R","TR57",1,"cDNA","Shallow",12,2017,"Autumn","2017-10-06",50.31023,-63.66136,"Tributary"
"L354D","L354",1,"DNA","Shallow",13,2018,"Spring","2018-06-09",50.71766,-63.12674,"Lake"
"L355D","L355",1,"DNA","Shallow",13,2018,"Spring","2018-06-09",50.64976,-63.34578,"Lake"
"L356D","L356",1,"DNA","Shallow",13,2018,"Spring","2018-06-09",50.41292,-63.30051,"Lake"
"L357D","L357",1,"DNA","Shallow",13,2018,"Spring","2018-06-11",51.62,-63.70297,"Lake"
"LR143D","LR143",1,"DNA","Shallow",13,2018,"Spring","2018-06-07",52.35212,-63.98645,"HeadwaterLakes"
"LR145D","LR145",1,"DNA","Shallow",13,2018,"Spring","2018-06-07",52.09672,-63.82453,"HeadwaterLakes"
"LR147D","LR147",1,"DNA","Shallow",13,2018,"Spring","2018-06-09",50.30375,-63.58659,"Downriver"
"LR149D","LR149",1,"DNA","Shallow",13,2018,"Spring","2018-06-10",50.38276,-63.2676,"Downriver"
"LR150D","LR150",1,"DNA","Shallow",13,2018,"Spring","2018-06-10",50.30875,-63.62276,"Downriver"
"LR153D","LR153",1,"DNA","Shallow",13,2018,"Spring","2018-06-10",51.58506,-63.67978,"Upriver"
"RO161D","RO161",1,"DNA","Shallow",13,2018,"Spring","2018-06-06",50.62655,-63.18729,"RO1"
"RO163D","RO163",1,"DNA","Shallow",13,2018,"Spring","2018-06-06",50.55147,-63.21047,"RO1"
"RO164D","RO164",1,"DNA","Shallow",13,2018,"Spring","2018-06-09",50.46297,-63.23508,"RO1"
"RO166D","RO166",1,"DNA","Shallow",13,2018,"Spring","2018-06-09",50.46353,-63.21923,"RO1"
"RO168D","RO168",1,"DNA","Shallow",13,2018,"Spring","2018-06-09",50.44176,-63.22278,"RO1"
"RO169D","RO169",1,"DNA","Shallow",13,2018,"Spring","2018-06-11",50.45146,-63.23303,"RO1"
"RO170D","RO170",1,"DNA","Shallow",13,2018,"Spring","2018-06-11",50.42953,-63.2201,"RO1"
"RO172D","RO172",1,"DNA","Shallow",13,2018,"Spring","2018-06-13",50.3816556790664,-63.2382348618186,"RO1"
"RO173D","RO173",1,"DNA","Shallow",13,2018,"Spring","2018-06-14",50.3900950380315,-63.2454904220937,"RO1"
"RO173.Hypo.D","RO173.Hypo",1,"DNA","Shallow",13,2018,"Spring","2018-06-14",50.3900950380315,-63.2454904220937,"Deep"
"RO174D","RO174",1,"DNA","Shallow",13,2018,"Spring","2018-06-14",50.4195933581526,-63.2300329241163,"RO1"
"RO2133D","RO2133",1,"DNA","Shallow",13,2018,"Spring","2018-06-05",50.73842,-63.2343,"RO2"
"RO2135D","RO2135",1,"DNA","Shallow",13,2018,"Spring","2018-06-05",50.71584,-63.25835,"RO2"
"RO2136D","RO2136",1,"DNA","Shallow",13,2018,"Spring","2018-06-07",50.89086,-63.22932,"RO2"
"RO2137D","RO2137",1,"DNA","Shallow",13,2018,"Spring","2018-06-07",50.85374,-63.14445,"RO2"
"RO2138D","RO2138",1,"DNA","Shallow",13,2018,"Spring","2018-06-07",50.84692,-63.18555,"RO2"
"RO2139D","RO2139",1,"DNA","Shallow",13,2018,"Spring","2018-06-14",50.6581398605742,-63.2608046196484,"RO2"
"RO2139.Hypo.D","RO2139.Hypo",1,"DNA","Shallow",13,2018,"Spring","2018-06-14",50.6581398605742,-63.2608046196484,"Deep"
"RO2141D","RO2141",1,"DNA","Shallow",13,2018,"Spring","2018-06-14",50.6775853504415,-63.2639447819237,"RO2"
"RO2144D","RO2144",1,"DNA","Shallow",13,2018,"Spring","2018-06-15",50.8001532367199,-63.203376626584,"RO2"
"RO2145D","RO2145",1,"DNA","Shallow",13,2018,"Spring","2018-06-15",50.7645028605308,-63.2097646742174,"RO2"
"RO319D","RO319",1,"DNA","Shallow",13,2018,"Spring","2018-06-11",51.32025,-63.39528,"RO3"
"RO320D","RO320",1,"DNA","Shallow",13,2018,"Spring","2018-06-11",51.26436,-63.33523,"RO3"
"Snow47D","Snow47",1,"DNA","Shallow",13,2018,"Spring","2018-06-15",50.55941,-63.20881,"Snow"
"ST46D","ST46",1,"DNA","Shallow",13,2018,"Spring","2018-06-15",50.49453,-63.25628,"Stream"
"ST47D","ST47",1,"DNA","Shallow",13,2018,"Spring","2018-06-15",50.55941,-63.20881,"Stream"
"ST48D","ST48",1,"DNA","Shallow",13,2018,"Spring","2018-06-06",50.49695,-63.25772,"Stream"
"SW44D","SW44",1,"DNA","Shallow",13,2018,"Spring","2018-06-06",50.37939,-63.26417,"Soilwater"
"SW45D","SW45",1,"DNA","Shallow",13,2018,"Spring","2018-06-06",50.43427,-63.25359,"Soilwater"
"SW46D","SW46",1,"DNA","Shallow",13,2018,"Spring","2018-06-15",50.49301,-63.25597,"Soilwater"
"TR59D","TR59",1,"DNA","Shallow",13,2018,"Spring","2018-06-05",50.71781,-63.26071,"Tributary"
"TR60D","TR60",1,"DNA","Shallow",13,2018,"Spring","2018-06-06",50.63342,-63.16599,"Tributary"
"TR61D","TR61",1,"DNA","Shallow",13,2018,"Spring","2018-06-07",50.878,-63.20259,"Tributary"
"TR62D","TR62",1,"DNA","Shallow",13,2018,"Spring","2018-06-10",50.31022,-63.66126,"Tributary"
"TR63D","TR63",1,"DNA","Shallow",13,2018,"Spring","2018-06-10",51.90758,-63.82327,"Tributary"
"TR64D","TR64",1,"DNA","Shallow",13,2018,"Spring","2018-06-11",50.42866,-63.21355,"Tributary"
"L359D","L359",1,"DNA","Shallow",13,2018,"Summer","2018-08-15",50.98285,-63.21728,"Lake"
"L360D","L360",1,"DNA","Shallow",13,2018,"Summer","2018-08-15",50.70988,-63.12644,"Lake"
"L361D","L361",1,"DNA","Shallow",13,2018,"Summer","2018-08-15",50.64603,-63.34478,"Lake"
"LR155D","LR155",1,"DNA","Shallow",13,2018,"Summer","2018-08-10",50.30901,-63.62223,"Downriver"
"LR156D","LR156",1,"DNA","Shallow",13,2018,"Summer","2018-08-10",50.31548,-63.7736344,"Downriver"
"LR157D","LR157",1,"DNA","Shallow",13,2018,"Summer","2018-08-10",50.31608,-63.52723,"Downriver"
"LR158D","LR158",1,"DNA","Shallow",13,2018,"Summer","2018-08-13",52.08756,-63.83723,"HeadwaterLakes"
"LR160D","LR160",1,"DNA","Shallow",13,2018,"Summer","2018-08-13",51.90498,-63.81533,"Upriver"
"LR161D","LR161",1,"DNA","Shallow",13,2018,"Summer","2018-08-13",51.78181,-63.71451,"Upriver"
"LR163D","LR163",1,"DNA","Shallow",13,2018,"Summer","2018-08-14",51.42532,-63.7782,"Upriver"
"LR166D","LR166",1,"DNA","Shallow",13,2018,"Summer","2018-08-16",50.38268,-63.26734,"Downriver"
"RO175D","RO175",1,"DNA","Shallow",13,2018,"Summer","2018-08-08",50.62702,-63.18756,"RO1"
"RO176D","RO176",1,"DNA","Shallow",13,2018,"Summer","2018-08-08",50.55155,-63.21071,"RO1"
"RO177D","RO177",1,"DNA","Shallow",13,2018,"Summer","2018-08-09",50.39017,-63.24573,"RO1"
"RO177.Hypo.D","RO177.Hypo",1,"DNA","Shallow",13,2018,"Summer","2018-08-09",50.39017,-63.24573,"Deep"
"RO178D","RO178",1,"DNA","Shallow",13,2018,"Summer","2018-08-09",50.3815,-63.23823,"RO1"
"RO180D","RO180",1,"DNA","Shallow",13,2018,"Summer","2018-08-11",50.42945,-63.21962,"RO1"
"RO181D","RO181",1,"DNA","Shallow",13,2018,"Summer","2018-08-11",50.4416,-63.23745,"RO1"
"RO182D","RO182",1,"DNA","Shallow",13,2018,"Summer","2018-08-11",50.43958,-63.24253,"RO1"
"RO183D","RO183",1,"DNA","Shallow",13,2018,"Summer","2018-08-14",50.46282,-63.23437,"RO1"
"RO184D","RO184",1,"DNA","Shallow",13,2018,"Summer","2018-08-14",50.4569,-63.22932,"RO1"
"RO186D","RO186",1,"DNA","Shallow",13,2018,"Summer","2018-08-14",50.46385,-63.21866,"RO1"
"RO2146D","RO2146",1,"DNA","Shallow",13,2018,"Summer","2018-08-09",51.03435,-63.28845,"RO2"
"RO2148D","RO2148",1,"DNA","Shallow",13,2018,"Summer","2018-08-09",50.92237,-63.36094,"RO2"
"RO2149D","RO2149",1,"DNA","Shallow",13,2018,"Summer","2018-08-09",51.06722,-63.17792,"RO2"
"RO2151D","RO2151",1,"DNA","Shallow",13,2018,"Summer","2018-08-12",50.85402,-63.14439,"RO2"
"RO2152D","RO2152",1,"DNA","Shallow",13,2018,"Summer","2018-08-12",50.84464,-63.18327,"RO2"
"RO2154D","RO2154",1,"DNA","Shallow",13,2018,"Summer","2018-08-13",50.6587,-63.26083,"RO2"
"RO2154.Hypo.D","RO2154.Hypo",1,"DNA","Shallow",13,2018,"Summer","2018-08-13",50.6587,-63.26083,"Deep"
"RO2159D","RO2159",1,"DNA","Shallow",13,2018,"Summer","2018-08-14",51.08962,-63.39575,"RO2"
"RO2160D","RO2160",1,"DNA","Shallow",13,2018,"Summer","2018-08-14",50.99923,-63.34892,"RO2"
"RO2161D","RO2161",1,"DNA","Shallow",13,2018,"Summer","2018-08-15",50.8011,-63.20369,"RO2"
"RO2162D","RO2162",1,"DNA","Shallow",13,2018,"Summer","2018-08-15",50.76411,-63.21055,"RO2"
"RO2163D","RO2163",1,"DNA","Shallow",13,2018,"Summer","2018-08-15",50.67782,-63.2645,"RO2"
"RO2164D","RO2164",1,"DNA","Shallow",13,2018,"Summer","2018-08-15",50.97283,-63.29582,"RO2"
"RO321D","RO321",1,"DNA","Shallow",13,2018,"Summer","2018-08-11",51.32283,-63.39695,"RO3"
"RO322D","RO322",1,"DNA","Shallow",13,2018,"Summer","2018-08-11",51.32767,-63.47175,"RO3"
"RO323D","RO323",1,"DNA","Shallow",13,2018,"Summer","2018-08-11",51.2682,-63.33422,"RO3"
"RO324D","RO324",1,"DNA","Shallow",13,2018,"Summer","2018-08-12",51.14164,-63.4032,"RO3"
"RO324.Hypo.D","RO324.Hypo",1,"DNA","Shallow",13,2018,"Summer","2018-08-12",51.14164,-63.4032,"Deep"
"RO325D","RO325",1,"DNA","Shallow",13,2018,"Summer","2018-08-12",51.18591,-63.35941,"RO3"
"ST49D","ST49",1,"DNA","Shallow",13,2018,"Summer","2018-08-07",50.37937,-63.2643,"Stream"
"ST50D","ST50",1,"DNA","Shallow",13,2018,"Summer","2018-08-07",50.44925,-63.24893,"Stream"
"ST51D","ST51",1,"DNA","Shallow",13,2018,"Summer","2018-08-07",50.49438,-63.2562,"Stream"
"ST52D","ST52",1,"DNA","Shallow",13,2018,"Summer","2018-08-07",50.55222,-63.21358,"Stream"
"ST53D","ST53",1,"DNA","Shallow",13,2018,"Summer","2018-08-08",50.8846,-63.43814,"Stream"
"SW49D","SW49",1,"DNA","Shallow",13,2018,"Summer","2018-08-07",50.37937,-63.2643,"Soilwater"
"SW53D","SW53",1,"DNA","Shallow",13,2018,"Summer","2018-08-08",50.8846,-63.43814,"Soilwater"
"TR65D","TR65",1,"DNA","Shallow",13,2018,"Summer","2018-08-08",50.63335,-63.16631,"Tributary"
"TR66D","TR66",1,"DNA","Shallow",13,2018,"Summer","2018-08-10",50.31106,-63.66112,"Tributary"
"TR67D","TR67",1,"DNA","Shallow",13,2018,"Summer","2018-08-11",50.42858,-63.21347,"Tributary"
"TR68D","TR68",1,"DNA","Shallow",13,2018,"Summer","2018-08-12",50.87847,-63.20243,"Tributary"
"TR69D","TR69",1,"DNA","Shallow",13,2018,"Summer","2018-08-13",50.72073,-63.26584,"Tributary"
"HW58D","HW58",1,"DNA","Shallow",13,2018,"Autumn","2018-10-04",50.44986,-63.24901,"Hyporheic"
"HW59D","HW59",1,"DNA","Shallow",13,2018,"Autumn","2018-10-05",50.37922,-63.26423,"Hyporheic"
"L362D","L362",1,"DNA","Shallow",13,2018,"Autumn","2018-10-11",50.64789,-63.34448,"Lake"
"LR168D","LR168",1,"DNA","Shallow",13,2018,"Autumn","2018-10-04",50.33457,-63.28618,"Downriver"
"LR169D","LR169",1,"DNA","Shallow",13,2018,"Autumn","2018-10-04",50.3826,-63.26749,"Downriver"
"LR170D","LR170",1,"DNA","Shallow",13,2018,"Autumn","2018-10-08",51.67217,-63.71834,"Upriver"
"LR171D","LR171",1,"DNA","Shallow",13,2018,"Autumn","2018-10-08",51.58429,-63.68058,"Upriver"
"LR172D","LR172",1,"DNA","Shallow",13,2018,"Autumn","2018-10-08",51.46162,-63.79663,"Upriver"
"LR173D","LR173",1,"DNA","Shallow",13,2018,"Autumn","2018-10-08",51.37969,-63.56601,"Upriver"
"LR174D","LR174",1,"DNA","Shallow",13,2018,"Autumn","2018-10-11",50.309171,-63.62262,"Downriver"
"LR175D","LR175",1,"DNA","Shallow",13,2018,"Autumn","2018-10-11",50.31517,-63.77365,"Downriver"
"LR176D","LR176",1,"DNA","Shallow",13,2018,"Autumn","2018-10-11",52.09108,-63.83388,"HeadwaterLakes"
"LR177D","LR177",1,"DNA","Shallow",13,2018,"Autumn","2018-10-11",51.90747,-63.81189,"Upriver"
"RO1100D","RO1100",1,"DNA","Shallow",13,2018,"Autumn","2018-10-10",50.44168,-63.22262,"RO1"
"RO1101D","RO1101",1,"DNA","Shallow",13,2018,"Autumn","2018-10-10",50.45193,-63.23264,"RO1"
"RO189D","RO189",1,"DNA","Shallow",13,2018,"Autumn","2018-10-03",50.46329,-63.23437,"RO1"
"RO191D","RO191",1,"DNA","Shallow",13,2018,"Autumn","2018-10-03",50.46376,-63.2186,"RO1"
"RO193D","RO193",1,"DNA","Shallow",13,2018,"Autumn","2018-10-03",50.45233,-63.23894,"RO1"
"RO194D","RO194",1,"DNA","Shallow",13,2018,"Autumn","2018-10-05",50.62553,-63.17081,"RO1"
"RO195D","RO195",1,"DNA","Shallow",13,2018,"Autumn","2018-10-05",50.55289,-63.21024,"RO1"
"RO196D","RO196",1,"DNA","Shallow",13,2018,"Autumn","2018-10-07",50.3815,-63.23823,"RO1"
"RO197D","RO197",1,"DNA","Shallow",13,2018,"Autumn","2018-10-07",50.39191,-63.24699,"RO1"
"RO197.Hypo.D","RO197.Hypo",1,"DNA","Shallow",13,2018,"Autumn","2018-10-07",50.39191,-63.24699,"Deep"
"RO199D","RO199",1,"DNA","Shallow",13,2018,"Autumn","2018-10-10",50.42978,-63.21935,"RO1"
"RO2165D","RO2165",1,"DNA","Shallow",13,2018,"Autumn","2018-10-02",50.65913,-63.26047,"RO2"
"RO2165.Hypo.D","RO2165.Hypo",1,"DNA","Shallow",13,2018,"Autumn","2018-10-02",50.65913,-63.26047,"Deep"
"RO2167D","RO2167",1,"DNA","Shallow",13,2018,"Autumn","2018-10-06",50.70898,-63.23484,"RO2"
"RO2168D","RO2168",1,"DNA","Shallow",13,2018,"Autumn","2018-10-06",50.71608,-63.25866,"RO2"
"RO2170D","RO2170",1,"DNA","Shallow",13,2018,"Autumn","2018-10-07",51.08895,-63.39778,"RO2"
"RO2171D","RO2171",1,"DNA","Shallow",13,2018,"Autumn","2018-10-08",50.84077,-63.18461,"RO2"
"RO2173D","RO2173",1,"DNA","Shallow",13,2018,"Autumn","2018-10-08",50.80093,-63.20324,"RO2"
"RO2174D","RO2174",1,"DNA","Shallow",13,2018,"Autumn","2018-10-08",50.76222,-63.31142,"RO2"
"RO2175D","RO2175",1,"DNA","Shallow",13,2018,"Autumn","2018-10-09",NA,NA,"RO2"
"RO2176D","RO2176",1,"DNA","Shallow",13,2018,"Autumn","2018-10-10",NA,NA,"RO2"
"RO2177D","RO2177",1,"DNA","Shallow",13,2018,"Autumn","2018-10-10",NA,NA,"RO2"
"RO2178D","RO2178",1,"DNA","Shallow",13,2018,"Autumn","2018-10-10",NA,NA,"RO2"
"RO2179D","RO2179",1,"DNA","Shallow",13,2018,"Autumn","2018-10-10",NA,NA,"RO2"
"RO2180D","RO2180",1,"DNA","Shallow",13,2018,"Autumn","2018-10-10",NA,NA,"RO2"
"RO327D","RO327",1,"DNA","Shallow",13,2018,"Autumn","2018-10-06",51.15073,-63.39475,"RO3"
"RO327.Hypo.D","RO327.Hypo",1,"DNA","Shallow",13,2018,"Autumn","2018-10-06",51.15073,-63.39475,"Deep"
"RO328D","RO328",1,"DNA","Shallow",13,2018,"Autumn","2018-10-06",51.25453,-63.34577,"RO3"
"RO329D","RO329",1,"DNA","Shallow",13,2018,"Autumn","2018-10-07",51.31412,-63.45161,"RO3"
"RO330D","RO330",1,"DNA","Shallow",13,2018,"Autumn","2018-10-07",51.33039,-63.38455,"RO3"
"ST54D","ST54",1,"DNA","Shallow",13,2018,"Autumn","2018-10-02",50.77564,-63.30617,"Stream"
"ST55D","ST55",1,"DNA","Shallow",13,2018,"Autumn","2018-10-02",50.88455,-63.43821,"Stream"
"ST56D","ST56",1,"DNA","Shallow",13,2018,"Autumn","2018-10-04",50.5523,-63.21297,"Stream"
"ST57D","ST57",1,"DNA","Shallow",13,2018,"Autumn","2018-10-04",50.49687,-63.2565,"Stream"
"ST58D","ST58",1,"DNA","Shallow",13,2018,"Autumn","2018-10-04",50.44986,-63.24901,"Stream"
"ST59D","ST59",1,"DNA","Shallow",13,2018,"Autumn","2018-10-05",50.37922,-63.26423,"Stream"
"SW54D","SW54",1,"DNA","Shallow",13,2018,"Autumn","2018-10-02",50.77564,-63.30617,"Soilwater"
"SW55D","SW55",1,"DNA","Shallow",13,2018,"Autumn","2018-10-02",50.88455,-63.43821,"Soilwater"
"TR70D","TR70",1,"DNA","Shallow",13,2018,"Autumn","2018-10-10",50.42858,-63.21379,"Tributary"
"TR71D","TR71",1,"DNA","Shallow",13,2018,"Autumn","2018-10-11",50.31067,-63.66127,"Tributary"
"TR72D","TR72",1,"DNA","Shallow",13,2018,"Autumn","2018-10-11",51.9068,-63.8204,"Tributary"
"S33R","S33",1,"cDNA","Shallow",7,2016,"Summer","2016-08-04",51.36618,-63.87583,"Soil"
"S33D","S33",1,"DNA","Shallow",7,2016,"Summer","2016-08-04",51.36618,-63.87583,"Soil"
"S34R","S34",1,"cDNA","Shallow",7,2016,"Summer","2016-08-04",51.36654,-63.87719,"Soil"
"S34D","S34",1,"DNA","Shallow",7,2016,"Summer","2016-08-04",51.36654,-63.87719,"Soil"
"S35R","S35",1,"cDNA","Shallow",7,2016,"Summer","2016-08-05",51.21284,-63.92261,"Soil"
"S35D","S35",1,"DNA","Shallow",7,2016,"Summer","2016-08-05",51.21284,-63.92261,"Soil"
"S36R","S36",1,"cDNA","Shallow",7,2016,"Summer","2016-08-05",51.2095,-63.92092,"Soil"
"S36D","S36",1,"DNA","Shallow",7,2016,"Summer","2016-08-05",51.2095,-63.92092,"Soil"
"S37R","S37",1,"cDNA","Shallow",7,2016,"Summer","2016-08-07",51.20212,-63.9233,"Soil"
"S37D","S37",1,"DNA","Shallow",7,2016,"Summer","2016-08-07",51.20212,-63.9233,"Soil"
"S39R","S39",1,"cDNA","Shallow",7,2016,"Summer","2016-08-07",51.18631,-63.93174,"Soil"
"S39D","S39",1,"DNA","Shallow",7,2016,"Summer","2016-08-07",51.18631,-63.93174,"Soil"
"S40R","S40",1,"cDNA","Shallow",7,2016,"Summer","2016-08-09",51.303572,-63.869197,"Soil"
"S40D","S40",1,"DNA","Shallow",7,2016,"Summer","2016-08-09",51.303572,-63.869197,"Soil"
"S42R","S42",1,"cDNA","Shallow",7,2016,"Summer","2016-08-10",51.30536,-63.8649,"Soil"
"S42D","S42",1,"DNA","Shallow",7,2016,"Summer","2016-08-10",51.30536,-63.8649,"Soil"
"SEDL313D","SEDL313",1,"DNA","Shallow",1,2015,"Spring","2015-06-16",51.18194,-63.92686,"Sediment"
"SEDL313-s2-D","SEDL313",2,"DNA","Shallow",1,2015,"Spring","2015-06-16",51.18194,-63.92686,"Sediment"
"SEDL314D","SEDL314",1,"DNA","Shallow",1,2015,"Spring","2015-06-17",51.17814,-63.92364,"Sediment"
"SEDL314-s2-D","SEDL314",2,"DNA","Shallow",1,2015,"Spring","2015-06-17",51.17814,-63.92364,"Sediment"
"SED315DSeq","SED315",1,"DNA","Deep",3,2015,"Spring","2015-06-17",51.18145,-63.89828,"Sediment"
"SED315D","SED315",1,"DNA","Shallow",1,2015,"Spring","2015-06-17",51.18145,-63.89828,"Sediment"
"SED315-s2-D","SED315",2,"DNA","Shallow",1,2015,"Spring","2015-06-17",51.18145,-63.89828,"Sediment"
"SED315-s2-DSeq","SED315",2,"DNA","Deep",3,2015,"Spring","2015-06-17",51.18145,-63.89828,"Sediment"
"SED316D","SED316",1,"DNA","Shallow",1,2015,"Spring","2015-06-17",51.18873,-63.90278,"Sediment"
"SED316-s2-D","SED316",2,"DNA","Shallow",1,2015,"Spring","2015-06-17",51.18873,-63.90278,"Sediment"
"SED317D","SED317",1,"DNA","Shallow",1,2015,"Spring","2015-06-17",51.18144,-63.92325,"Sediment"
"SED317-s2-D","SED317",2,"DNA","Shallow",1,2015,"Spring","2015-06-17",51.18144,-63.92325,"Sediment"
"SED318D","SED318",1,"DNA","Shallow",1,2015,"Spring","2015-06-17",50.22601,-63.91127,"Sediment"
"SED318-s2-D","SED318",2,"DNA","Shallow",1,2015,"Spring","2015-06-17",50.22601,-63.91127,"Sediment"
"SED319D","SED319",1,"DNA","Shallow",1,2015,"Spring","2015-06-17",50.21503,-63.89979,"Sediment"
"SED319-s2-D","SED319",2,"DNA","Shallow",1,2015,"Spring","2015-06-17",50.21503,-63.89979,"Sediment"
"SEDLR10DSeq","SEDLR10",1,"DNA","Deep",3,2015,"Spring","2015-06-14",52.27356,-63.77532,"Sediment"
"SEDLR10D","SEDLR10",1,"DNA","Shallow",1,2015,"Spring","2015-06-14",52.27356,-63.77532,"Sediment"
"SEDLR10-s2-D","SEDLR10",2,"DNA","Shallow",1,2015,"Spring","2015-06-14",52.27356,-63.77532,"Sediment"
"SEDLR10-s2-DSeq","SEDLR10",2,"DNA","Deep",3,2015,"Spring","2015-06-14",52.27356,-63.77532,"Sediment"
"SEDLR12D","SEDLR12",1,"DNA","Shallow",1,2015,"Spring","2015-06-14",52.35785,-64.00396,"Sediment"
"SEDLR12-s2-D","SEDLR12",2,"DNA","Shallow",1,2015,"Spring","2015-06-14",52.35785,-64.00396,"Sediment"
"SEDLR14D","SEDLR14",1,"DNA","Shallow",1,2015,"Spring","2015-06-14",52.09031,-63.83427,"Sediment"
"SEDLR14-s2-D","SEDLR14",2,"DNA","Shallow",1,2015,"Spring","2015-06-14",52.09031,-63.83427,"Sediment"
"SEDL323D","SEDL323",1,"DNA","Shallow",1,2015,"Summer","2015-08-07",51.18145,-63.92259,"Sediment"
"SEDL324D","SEDL324",1,"DNA","Shallow",1,2015,"Summer","2015-08-07",51.18139,-63.89829,"Sediment"
"SEDL325D","SEDL325",1,"DNA","Shallow",1,2015,"Summer","2015-08-07",51.17887,-63.92581,"Sediment"
"SEDL326D","SEDL326",1,"DNA","Shallow",1,2015,"Summer","2015-08-07",51.18167,-63.92587,"Sediment"
"SEDL327D","SEDL327",1,"DNA","Shallow",1,2015,"Summer","2015-08-07",51.18924,-63.90315,"Sediment"
"SEDLR35D","SEDLR35",1,"DNA","Shallow",1,2015,"Summer","2015-08-09",52.35411,-63.99541,"Sediment"
"SEDLR36D","SEDLR36",1,"DNA","Shallow",1,2015,"Summer","2015-08-09",52.23624,-63.77818,"Sediment"
"SEDLR39D","SEDLR39",1,"DNA","Shallow",1,2015,"Summer","2015-08-09",52.08602,-63.83853,"Sediment"
"L330CM1R","L330CM1",1,"cDNA","Shallow",7,2016,"Summer","2016-08-05",51.18157,-63.92587,"Sediment"
"L330CM2R","L330CM2",1,"cDNA","Shallow",7,2016,"Summer","2016-08-05",51.18157,-63.92587,"Sediment"
"L330CM2D","L330CM2",1,"DNA","Shallow",7,2016,"Summer","2016-08-05",51.18157,-63.92587,"Sediment"
"L330CM3D","L330CM3",1,"DNA","Shallow",7,2016,"Summer","2016-08-05",51.18157,-63.92587,"Sediment"
"L331SR","L331S",1,"cDNA","Shallow",7,2016,"Summer","2016-08-05",51.18164,-63.92405,"Sediment"
"L331SD","L331S",1,"DNA","Shallow",7,2016,"Summer","2016-08-05",51.18164,-63.92405,"Sediment"
"L332SR","L332S",1,"cDNA","Shallow",7,2016,"Summer","2016-08-11",51.18935,-63.90314,"Sediment"
"L332SD","L332S",1,"DNA","Shallow",7,2016,"Summer","2016-08-11",51.18935,-63.90314,"Sediment"
"L325A1BIOD","L325A1BIO",1,"DNA","Shallow",1,2015,"Summer","2015-08-07",51.17887,-63.92581,"Bioassay"
"L325B1BIOD","L325B1BIO",1,"DNA","Shallow",1,2015,"Summer","2015-08-07",51.17887,-63.92581,"Bioassay"
"L327A1BIOD","L327A1BIO",1,"DNA","Shallow",1,2015,"Summer","2015-08-07",51.18924,-63.90315,"Bioassay"
"L327B1BIOD","L327B1BIO",1,"DNA","Shallow",1,2015,"Summer","2015-08-07",51.18924,-63.90315,"Bioassay"
"LR32A1BIOD","LR32A1BIO",1,"DNA","Shallow",1,2015,"Summer","2015-08-05",51.27679,-63.35451,"Bioassay"
"LR32B1BIOD","LR32B1BIO",1,"DNA","Shallow",1,2015,"Summer","2015-08-05",51.27679,-63.35451,"Bioassay"
"PR19A1BIOD","PR19A1BIO",1,"DNA","Shallow",1,2015,"Summer","2015-08-05",51.20287,-63.92476,"Bioassay"
"PR19B1BIOD","PR19B1BIO",1,"DNA","Shallow",1,2015,"Summer","2015-08-05",51.20287,-63.92476,"Bioassay"
"PR23A1BIOD","PR23A1BIO",1,"DNA","Shallow",1,2015,"Summer","2015-08-07",51.1863,-63.9319,"Bioassay"
"PR23B1BIOD","PR23B1BIO",1,"DNA","Shallow",1,2015,"Summer","2015-08-07",51.1863,-63.9319,"Bioassay"
"RO222A1BIOD","RO222A1BIO",1,"DNA","Shallow",1,2015,"Summer","2015-08-06",50.96213,-63.2999,"Bioassay"
"RO222B1BIOD","RO222B1BIO",1,"DNA","Shallow",1,2015,"Summer","2015-08-06",50.96213,-63.2999,"Bioassay"
"THW1D","THW1",1,"DNA","Shallow",6,2016,"Spring",NA,NA,NA,"Unknown"
"LR17blankc2D","LR17blankc2",1,"DNA","Shallow",11,2017,"Summer",NA,NA,NA,"Blank"
"BlankD","Blank",1,"DNA","Shallow",5,2016,"Spring",NA,NA,NA,"Blank"
